nombre_imagen,angulo_direccion
2025-06-17_20-47-58-288930.png,0.0
2025-06-17_20-47-58-813297.png,0.0
2025-06-17_20-47-59-318600.png,0.0
2025-06-17_20-47-59-831651.png,0.0
2025-06-17_20-48-00-334117.png,0.0
2025-06-17_20-48-00-844437.png,0.0
2025-06-17_20-48-01-365514.png,0.0
2025-06-17_20-48-01-855995.png,0.0
2025-06-17_20-48-02-380705.png,0.0
2025-06-17_20-48-02-877442.png,0.0
2025-06-17_20-48-03-394327.png,0.0
2025-06-17_20-48-03-920734.png,0.0
2025-06-17_20-48-04-426176.png,0.0
2025-06-17_20-48-04-942540.png,0.0
2025-06-17_20-48-05-448579.png,0.0
2025-06-17_20-48-05-970084.png,0.0
2025-06-17_20-48-06-471411.png,0.0
2025-06-17_20-48-06-988360.png,0.0
2025-06-17_20-48-07-486462.png,0.0
2025-06-17_20-48-07-995204.png,0.0
2025-06-17_20-48-08-515348.png,0.0
2025-06-17_20-48-09-028977.png,0.0
2025-06-17_20-48-09-530367.png,0.0
2025-06-17_20-48-10-042340.png,0.0
2025-06-17_20-48-10-556344.png,0.0
2025-06-17_20-48-11-065723.png,0.0
2025-06-17_20-48-11-567892.png,0.0
2025-06-17_20-48-12-084370.png,0.0
2025-06-17_20-48-12-598058.png,0.0
2025-06-17_20-48-13-101259.png,0.0
2025-06-17_20-48-13-622722.png,0.0
2025-06-17_20-48-14-144777.png,0.0
2025-06-17_20-48-14-641935.png,0.0
2025-06-17_20-48-15-159824.png,0.0
2025-06-17_20-48-15-670574.png,0.0
2025-06-17_20-48-16-188449.png,0.0
2025-06-17_20-48-16-689490.png,0.0
2025-06-17_20-48-17-208964.png,-0.16
2025-06-17_20-48-17-706473.png,-0.02
2025-06-17_20-48-18-221077.png,-0.02
2025-06-17_20-48-18-723211.png,-0.02
2025-06-17_20-48-19-232130.png,-0.02
2025-06-17_20-48-19-750559.png,-0.02
2025-06-17_20-48-20-250312.png,-0.02
2025-06-17_20-48-20-766669.png,-0.1
2025-06-17_20-48-21-280200.png,-0.1
2025-06-17_20-48-21-791591.png,-0.1
2025-06-17_20-48-22-290904.png,-0.02
2025-06-17_20-48-22-815285.png,-0.02
2025-06-17_20-48-23-329827.png,-0.12
2025-06-17_20-48-23-851993.png,-0.04
2025-06-17_20-48-24-366356.png,-0.12
2025-06-17_20-48-24-868650.png,-0.06
2025-06-17_20-48-25-379404.png,-0.04
2025-06-17_20-48-25-893482.png,-0.04
2025-06-17_20-48-26-407988.png,-0.04
2025-06-17_20-48-26-914176.png,-0.04
2025-06-17_20-48-27-430541.png,-0.04
2025-06-17_20-48-27-942115.png,-0.04
2025-06-17_20-48-28-442232.png,-0.04
2025-06-17_20-48-28-958963.png,-0.04
2025-06-17_20-48-29-464079.png,-0.04
2025-06-17_20-48-29-980591.png,-0.04
2025-06-17_20-48-30-491997.png,-0.04
2025-06-17_20-48-31-006736.png,-0.04
2025-06-17_20-48-31-526221.png,0.02
2025-06-17_20-48-32-030416.png,0.02
2025-06-17_20-48-32-535877.png,-0.04
2025-06-17_20-48-33-052487.png,-0.02
2025-06-17_20-48-33-565151.png,-0.02
2025-06-17_20-48-34-067138.png,0.06
2025-06-17_20-48-34-571881.png,0.0
2025-06-17_20-48-35-088027.png,-0.02
2025-06-17_20-48-35-588077.png,-0.02
2025-06-17_20-48-36-105868.png,-0.02
2025-06-17_20-48-36-621299.png,0.1
2025-06-17_20-48-37-127322.png,0.0
2025-06-17_20-48-37-635312.png,0.0
2025-06-17_20-48-38-139128.png,-0.08
2025-06-17_20-48-38-650884.png,0.04
2025-06-17_20-48-39-165719.png,-0.04
2025-06-17_20-48-39-659095.png,-0.1
2025-06-17_20-48-40-174910.png,0.04
2025-06-17_20-48-40-678322.png,0.04
2025-06-17_20-48-41-182893.png,-0.02
2025-06-17_20-48-41-694317.png,-0.02
2025-06-17_20-48-42-196474.png,-0.02
2025-06-17_20-48-42-708720.png,-0.02
2025-06-17_20-48-43-227550.png,-0.02
2025-06-17_20-48-43-732484.png,-0.02
2025-06-17_20-48-44-244711.png,0.02
2025-06-17_20-48-44-748121.png,0.0
2025-06-17_20-48-45-270928.png,0.0
2025-06-17_20-48-45-782573.png,-0.12
2025-06-17_20-48-46-295338.png,-0.02
2025-06-17_20-48-46-796131.png,0.0
2025-06-17_20-48-47-304442.png,0.04
2025-06-17_20-48-47-815486.png,0.04
2025-06-17_20-48-48-335523.png,-0.02
2025-06-17_20-48-48-848621.png,-0.02
2025-06-17_20-48-49-341172.png,-0.02
2025-06-17_20-48-49-863524.png,0.08
2025-06-17_20-48-50-382005.png,-0.02
2025-06-17_20-48-50-885917.png,-0.02
2025-06-17_20-48-51-393458.png,-0.02
2025-06-17_20-48-51-892291.png,0.06
2025-06-17_20-48-52-397861.png,-0.06
2025-06-17_20-48-52-908992.png,-0.06
2025-06-17_20-48-53-424902.png,0.02
2025-06-17_20-48-53-929014.png,0.02
2025-06-17_20-48-54-452005.png,0.02
2025-06-17_20-48-54-965409.png,-0.06
2025-06-17_20-48-55-476330.png,0.04
2025-06-17_20-48-55-983603.png,-0.06
2025-06-17_20-48-56-506615.png,-0.06
2025-06-17_20-48-56-995148.png,0.02
2025-06-17_20-48-57-503918.png,0.02
2025-06-17_20-48-58-025905.png,0.02
2025-06-17_20-48-58-527700.png,0.02
2025-06-17_20-48-59-040431.png,0.02
2025-06-17_20-48-59-543984.png,-0.08
2025-06-17_20-49-00-052159.png,0.0
2025-06-17_20-49-00-574137.png,0.0
2025-06-17_20-49-01-084960.png,0.0
2025-06-17_20-49-01-600067.png,0.0
2025-06-17_20-49-02-112129.png,0.0
2025-06-17_20-49-02-603217.png,0.0
2025-06-17_20-49-03-123825.png,0.0
2025-06-17_20-49-03-623460.png,0.0
2025-06-17_20-49-04-136825.png,0.0
2025-06-17_20-49-04-657373.png,0.0
2025-06-17_20-49-05-159419.png,0.0
2025-06-17_20-49-05-667567.png,0.0
2025-06-17_20-49-06-198706.png,-0.08
2025-06-17_20-49-06-695615.png,0.0
2025-06-17_20-49-07-212521.png,0.0
2025-06-17_20-49-07-730524.png,0.0
2025-06-17_20-49-08-234439.png,-0.06
2025-06-17_20-49-08-750182.png,-0.04
2025-06-17_20-49-09-256642.png,0.04
2025-06-17_20-49-09-768390.png,0.04
2025-06-17_20-49-10-282606.png,-0.14
2025-06-17_20-49-10-783695.png,-0.1
2025-06-17_20-49-11-311711.png,-0.02
2025-06-17_20-49-11-824768.png,-0.02
2025-06-17_20-49-12-334843.png,-0.02
2025-06-17_20-49-12-855917.png,-0.02
2025-06-17_20-49-13-359261.png,-0.02
2025-06-17_20-49-13-875383.png,-0.02
2025-06-17_20-49-14-388303.png,-0.02
2025-06-17_20-49-14-902891.png,-0.02
2025-06-17_20-49-15-406323.png,-0.1
2025-06-17_20-49-15-915317.png,-0.1
2025-06-17_20-49-16-429990.png,-0.04
2025-06-17_20-49-16-942061.png,-0.04
2025-06-17_20-49-17-438050.png,-0.04
2025-06-17_20-49-17-957126.png,-0.04
2025-06-17_20-49-18-452668.png,-0.04
2025-06-17_20-49-18-969137.png,-0.04
2025-06-17_20-49-19-487255.png,0.0
2025-06-17_20-49-19-998369.png,0.0
2025-06-17_20-49-20-512306.png,0.0
2025-06-17_20-49-21-024866.png,0.0
2025-06-17_20-49-21-534008.png,-0.08
2025-06-17_20-49-22-059062.png,-0.16
2025-06-17_20-49-22-559709.png,-0.1
2025-06-17_20-49-23-081264.png,0.02
2025-06-17_20-49-23-586319.png,0.02
2025-06-17_20-49-24-102720.png,0.02
2025-06-17_20-49-24-611738.png,0.02
2025-06-17_20-49-25-122671.png,0.02
2025-06-17_20-49-25-619135.png,0.02
2025-06-17_20-49-26-130635.png,-0.06
2025-06-17_20-49-26-660182.png,-0.06
2025-06-17_20-49-27-172686.png,0.0
2025-06-17_20-49-27-689690.png,0.0
2025-06-17_20-49-28-213490.png,0.0
2025-06-17_20-49-28-697172.png,0.0
2025-06-17_20-49-29-198666.png,0.0
2025-06-17_20-49-29-707229.png,0.0
2025-06-17_20-49-30-213105.png,0.06
2025-06-17_20-49-30-731159.png,-0.04
2025-06-17_20-49-31-240327.png,-0.04
2025-06-17_20-49-31-756341.png,0.04
2025-06-17_20-49-32-273182.png,-0.02
2025-06-17_20-49-32-777461.png,-0.04
2025-06-17_20-49-33-273280.png,0.1
2025-06-17_20-49-33-788032.png,0.04
2025-06-17_20-49-34-286597.png,-0.12
2025-06-17_20-49-34-808049.png,-0.04
2025-06-17_20-49-35-318063.png,-0.04
2025-06-17_20-49-35-818300.png,0.04
2025-06-17_20-49-36-336112.png,-0.04
2025-06-17_20-49-36-846828.png,-0.04
2025-06-17_20-49-37-350437.png,0.06
2025-06-17_20-49-37-852020.png,0.04
2025-06-17_20-49-38-365297.png,-0.04
2025-06-17_20-49-38-873757.png,0.06
2025-06-17_20-49-39-396408.png,0.0
2025-06-17_20-49-39-894362.png,-0.1
2025-06-17_20-49-40-398037.png,0.0
2025-06-17_20-49-40-904985.png,0.0
2025-06-17_20-49-41-389674.png,0.0
2025-06-17_20-49-41-893729.png,0.0
2025-06-17_20-49-42-401135.png,-0.08
2025-06-17_20-49-42-923572.png,-0.06
2025-06-17_20-49-43-445101.png,-0.02
2025-06-17_20-49-43-957226.png,-0.06
2025-06-17_20-49-44-486877.png,-0.1
2025-06-17_20-49-45-003515.png,-0.06
2025-06-17_20-49-45-507421.png,-0.06
2025-06-17_20-49-46-034144.png,-0.06
2025-06-17_20-49-46-560539.png,-0.06
2025-06-17_20-49-47-060694.png,-0.06
2025-06-17_20-49-47-553823.png,-0.06
2025-06-17_20-49-48-072284.png,0.0
2025-06-17_20-49-48-580770.png,-0.06
2025-06-17_20-49-49-102596.png,-0.1
2025-06-17_20-49-49-618517.png,-0.1
2025-06-17_20-49-50-116087.png,0.0
2025-06-17_20-49-50-621134.png,-0.04
2025-06-17_20-49-51-142026.png,-0.02
2025-06-17_20-49-51-649502.png,0.0
2025-06-17_20-49-52-160338.png,-0.06
2025-06-17_20-49-52-678260.png,0.04
2025-06-17_20-49-53-168117.png,-0.04
2025-06-17_20-49-53-673641.png,-0.04
2025-06-17_20-49-54-178577.png,0.0
2025-06-17_20-49-54-703621.png,0.0
2025-06-17_20-49-55-221961.png,0.0
2025-06-17_20-49-55-737504.png,0.0
2025-06-17_20-49-56-257424.png,0.0
2025-06-17_20-49-56-767820.png,0.0
2025-06-17_20-49-57-285063.png,0.04
2025-06-17_20-49-57-796526.png,0.04
2025-06-17_20-49-58-307881.png,0.18
2025-06-17_20-49-58-820552.png,0.08
2025-06-17_20-49-59-331636.png,0.08
2025-06-17_20-49-59-844054.png,0.08
2025-06-17_20-50-00-348294.png,0.08
2025-06-17_20-50-00-864715.png,0.08
2025-06-17_20-50-01-376297.png,0.08
2025-06-17_20-50-01-874823.png,0.08
2025-06-17_20-50-02-388012.png,0.08
2025-06-17_20-50-02-902390.png,0.08
2025-06-17_20-50-03-403181.png,0.08
2025-06-17_20-50-03-917752.png,0.02
2025-06-17_20-50-04-432522.png,-0.1
2025-06-17_20-50-04-928175.png,-0.1
2025-06-17_20-50-05-449294.png,-0.1
2025-06-17_20-50-05-970062.png,0.0
2025-06-17_20-50-06-472905.png,-0.1
2025-06-17_20-50-06-986446.png,-0.1
2025-06-17_20-50-07-498851.png,-0.06
2025-06-17_20-50-07-991691.png,-0.02
2025-06-17_20-50-08-507468.png,-0.02
2025-06-17_20-50-09-014438.png,-0.02
2025-06-17_20-50-09-523959.png,-0.08
2025-06-17_20-50-10-040958.png,-0.08
2025-06-17_20-50-10-572010.png,-0.08
2025-06-17_20-50-11-070153.png,-0.08
2025-06-17_20-50-11-577014.png,-0.08
2025-06-17_20-50-12-089855.png,-0.04
2025-06-17_20-50-12-598211.png,-0.12
2025-06-17_20-50-13-122798.png,-0.04
2025-06-17_20-50-13-634153.png,-0.04
2025-06-17_20-50-14-136228.png,-0.04
2025-06-17_20-50-14-648941.png,-0.04
2025-06-17_20-50-15-151397.png,-0.04
2025-06-17_20-50-15-655250.png,-0.12
2025-06-17_20-50-16-161588.png,-0.02
2025-06-17_20-50-16-677905.png,-0.04
2025-06-17_20-50-17-202989.png,-0.12
2025-06-17_20-50-17-722838.png,-0.08
2025-06-17_20-50-18-211531.png,-0.08
2025-06-17_20-50-18-728551.png,-0.08
2025-06-17_20-50-19-241181.png,-0.02
2025-06-17_20-50-19-756921.png,-0.12
2025-06-17_20-50-20-279091.png,-0.02
2025-06-17_20-50-20-805646.png,-0.02
2025-06-17_20-50-21-310389.png,-0.02
2025-06-17_20-50-21-809485.png,-0.02
2025-06-17_20-50-22-327644.png,-0.02
2025-06-17_20-50-22-847638.png,-0.02
2025-06-17_20-50-23-343997.png,-0.02
2025-06-17_20-50-23-857237.png,0.04
2025-06-17_20-50-24-354865.png,-0.04
2025-06-17_20-50-24-861687.png,0.0
2025-06-17_20-50-25-366609.png,0.02
2025-06-17_20-50-25-875967.png,0.02
2025-06-17_20-50-26-383833.png,0.02
2025-06-17_20-50-26-883848.png,-0.08
2025-06-17_20-50-27-401890.png,0.02
2025-06-17_20-50-27-915502.png,0.02
2025-06-17_20-50-28-430402.png,-0.08
2025-06-17_20-50-28-936000.png,-0.08
2025-06-17_20-50-29-440036.png,0.04
2025-06-17_20-50-29-974325.png,0.08
2025-06-17_20-50-30-478598.png,-0.02
2025-06-17_20-50-31-001744.png,0.08
2025-06-17_20-50-31-490166.png,-0.02
2025-06-17_20-50-32-002018.png,-0.02
2025-06-17_20-50-32-508540.png,-0.02
2025-06-17_20-50-33-039897.png,-0.02
2025-06-17_20-50-33-549342.png,0.04
2025-06-17_20-50-34-060711.png,-0.02
2025-06-17_20-50-34-583306.png,-0.02
2025-06-17_20-50-35-095761.png,-0.02
2025-06-17_20-50-35-609251.png,-0.02
2025-06-17_20-50-36-120773.png,-0.02
2025-06-17_20-50-36-627955.png,-0.1
2025-06-17_20-50-37-143832.png,0.0
2025-06-17_20-50-37-649220.png,-0.1
2025-06-17_20-50-38-172628.png,-0.04
2025-06-17_20-50-38-671691.png,-0.16
2025-06-17_20-50-39-198233.png,0.0
2025-06-17_20-50-39-714547.png,0.0
2025-06-17_20-50-40-219900.png,0.0
2025-06-17_20-50-40-721056.png,-0.16
2025-06-17_20-50-41-241676.png,0.0
2025-06-17_20-50-41-744259.png,0.0
2025-06-17_20-50-42-255365.png,-0.08
2025-06-17_20-50-42-771061.png,-0.08
2025-06-17_20-50-43-266192.png,0.02
2025-06-17_20-50-43-769489.png,-0.04
2025-06-17_20-50-44-284559.png,-0.04
2025-06-17_20-50-44-782891.png,-0.04
2025-06-17_20-50-45-285729.png,-0.04
2025-06-17_20-50-45-783122.png,-0.04
2025-06-17_20-50-46-290569.png,0.04
2025-06-17_20-50-46-800625.png,0.04
2025-06-17_20-50-47-277334.png,0.04
2025-06-17_20-50-47-780791.png,-0.06
2025-06-17_20-50-48-297323.png,-0.06
2025-06-17_20-50-48-812715.png,0.02
2025-06-17_20-50-49-325156.png,0.02
2025-06-17_20-50-49-817955.png,0.02
2025-06-17_20-50-50-332777.png,0.02
2025-06-17_20-50-50-845435.png,0.02
2025-06-17_20-50-51-358759.png,-0.1
2025-06-17_20-50-51-884574.png,-0.02
2025-06-17_20-50-52-399175.png,-0.02
2025-06-17_20-50-52-909760.png,0.04
2025-06-17_20-50-53-429268.png,-0.08
2025-06-17_20-50-53-943732.png,-0.02
2025-06-17_20-50-54-446659.png,-0.02
2025-06-17_20-50-54-951558.png,-0.02
2025-06-17_20-50-55-470068.png,-0.02
2025-06-17_20-50-55-964221.png,-0.02
2025-06-17_20-50-56-472252.png,-0.02
2025-06-17_20-50-56-973978.png,-0.02
2025-06-17_20-50-57-482461.png,-0.06
2025-06-17_20-50-57-993898.png,-0.16
2025-06-17_20-50-58-504878.png,-0.02
2025-06-17_20-50-59-014620.png,-0.14
2025-06-17_20-50-59-526164.png,-0.08
2025-06-17_20-51-00-035228.png,-0.02
2025-06-17_20-51-00-538336.png,-0.1
2025-06-17_20-51-01-053081.png,-0.14
2025-06-17_20-51-01-554871.png,0.04
2025-06-17_20-51-02-075804.png,-0.08
2025-06-17_20-51-02-589269.png,-0.08
2025-06-17_20-51-03-109773.png,-0.08
2025-06-17_20-51-03-616631.png,-0.08
2025-06-17_20-51-04-125489.png,-0.08
2025-06-17_20-51-04-651434.png,-0.08
2025-06-17_20-51-05-165973.png,-0.08
2025-06-17_20-51-05-675880.png,-0.04
2025-06-17_20-51-06-194475.png,0.12
2025-06-17_20-51-06-713886.png,0.04
2025-06-17_20-51-07-213048.png,0.02
2025-06-17_20-51-07-736980.png,-0.04
2025-06-17_20-51-08-253530.png,-0.04
2025-06-17_20-51-08-773611.png,-0.04
2025-06-17_20-51-09-288852.png,-0.04
2025-06-17_20-51-09-799676.png,-0.04
2025-06-17_20-51-10-314573.png,0.08
2025-06-17_20-51-10-838057.png,-0.02
2025-06-17_20-51-11-353793.png,-0.02
2025-06-17_20-51-11-858795.png,-0.02
2025-06-17_20-51-12-388271.png,0.1
2025-06-17_20-51-12-901326.png,0.0
2025-06-17_20-51-13-403622.png,0.0
2025-06-17_20-51-13-908304.png,-0.04
2025-06-17_20-51-14-429451.png,0.06
2025-06-17_20-51-14-924522.png,0.0
2025-06-17_20-51-15-444546.png,0.0
2025-06-17_20-51-15-948272.png,-0.08
2025-06-17_20-51-16-459644.png,0.0
2025-06-17_20-51-16-980172.png,0.0
2025-06-17_20-51-17-486563.png,0.0
2025-06-17_20-51-18-018317.png,0.0
2025-06-17_20-51-18-526532.png,0.0
2025-06-17_20-51-19-044005.png,0.0
2025-06-17_20-51-19-546388.png,0.0
2025-06-17_20-51-20-045209.png,0.0
2025-06-17_20-51-20-547164.png,0.0
2025-06-17_20-51-21-061948.png,0.0
2025-06-17_20-51-21-571367.png,0.0
2025-06-17_20-51-22-088116.png,0.0
2025-06-17_20-51-22-597531.png,0.0
2025-06-17_20-51-23-109758.png,0.0
2025-06-17_20-51-23-601235.png,0.0
2025-06-17_20-51-24-106740.png,0.0
2025-06-17_20-51-24-635698.png,0.0
2025-06-17_20-51-25-131677.png,0.0
2025-06-17_20-51-25-658074.png,0.0
2025-06-17_20-51-26-158804.png,-0.1
2025-06-17_20-51-26-658813.png,-0.1
2025-06-17_20-51-27-168549.png,-0.02
2025-06-17_20-51-27-666218.png,-0.02
2025-06-17_20-51-28-157970.png,-0.02
2025-06-17_20-51-28-666628.png,-0.14
2025-06-17_20-51-29-184822.png,-0.14
2025-06-17_20-51-29-701105.png,-0.14
2025-06-17_20-51-30-215231.png,-0.02
2025-06-17_20-51-30-729986.png,-0.02
2025-06-17_20-51-31-244134.png,-0.02
2025-06-17_20-51-31-758802.png,-0.02
2025-06-17_20-51-32-267219.png,-0.02
2025-06-17_20-51-32-794665.png,-0.16
2025-06-17_20-51-33-304213.png,-0.06
2025-06-17_20-51-33-816007.png,-0.06
2025-06-17_20-51-34-333589.png,-0.1
2025-06-17_20-51-34-834989.png,-0.02
2025-06-17_20-51-35-330649.png,-0.02
2025-06-17_20-51-35-839166.png,-0.14
2025-06-17_20-51-36-343514.png,-0.14
2025-06-17_20-51-36-838224.png,0.02
2025-06-17_20-51-37-343861.png,0.02
2025-06-17_20-51-37-846126.png,-0.08
2025-06-17_20-51-38-372647.png,-0.08
2025-06-17_20-51-38-873548.png,0.02
2025-06-17_20-51-39-373571.png,0.02
2025-06-17_20-51-39-892833.png,-0.06
2025-06-17_20-51-40-408524.png,-0.06
2025-06-17_20-51-40-922591.png,-0.06
2025-06-17_20-51-41-438937.png,0.04
2025-06-17_20-51-41-957460.png,-0.06
2025-06-17_20-51-42-468019.png,0.02
2025-06-17_20-51-42-973761.png,-0.06
2025-06-17_20-51-43-514281.png,-0.04
2025-06-17_20-51-43-998854.png,-0.04
2025-06-17_20-51-44-508416.png,-0.04
2025-06-17_20-51-45-023688.png,0.04
2025-06-17_20-51-45-527299.png,0.04
2025-06-17_20-51-46-033900.png,-0.04
2025-06-17_20-51-46-554089.png,0.02
2025-06-17_20-51-47-042216.png,-0.08
2025-06-17_20-51-47-560987.png,0.04
2025-06-17_20-51-48-048784.png,0.04
2025-06-17_20-51-48-546805.png,-0.06
2025-06-17_20-51-49-054423.png,0.02
2025-06-17_20-51-49-563419.png,0.02
2025-06-17_20-51-50-070955.png,0.02
2025-06-17_20-51-50-595480.png,-0.1
2025-06-17_20-51-51-087596.png,-0.04
2025-06-17_20-51-51-597223.png,-0.04
2025-06-17_20-51-52-116044.png,0.18
2025-06-17_20-51-52-609942.png,0.0
2025-06-17_20-51-53-123613.png,0.0
2025-06-17_20-51-53-632672.png,-0.12
2025-06-17_20-51-54-151237.png,0.02
2025-06-17_20-51-54-663856.png,0.02
2025-06-17_20-51-55-168994.png,0.02
2025-06-17_20-51-55-668269.png,0.02
2025-06-17_20-51-56-186253.png,0.02
2025-06-17_20-51-56-702084.png,0.02
2025-06-17_20-51-57-204924.png,0.02
2025-06-17_20-51-57-724664.png,0.02
2025-06-17_20-51-58-202790.png,-0.02
2025-06-17_20-51-58-714840.png,-0.02
2025-06-17_20-51-59-227407.png,-0.02
2025-06-17_20-51-59-743802.png,0.0
2025-06-17_20-52-00-248184.png,0.02
2025-06-17_20-52-00-773916.png,0.0
2025-06-17_20-52-01-274291.png,-0.1
2025-06-17_20-52-01-788933.png,0.02
2025-06-17_20-52-02-318760.png,0.02
2025-06-17_20-52-02-821513.png,0.0
2025-06-17_20-52-03-348599.png,0.04
2025-06-17_20-52-03-862102.png,-0.02
2025-06-17_20-52-04-376030.png,-0.02
2025-06-17_20-52-04-883259.png,0.1
2025-06-17_20-52-05-414097.png,0.02
2025-06-17_20-52-05-929869.png,-0.08
2025-06-17_20-52-06-439948.png,-0.04
2025-06-17_20-52-06-946079.png,0.0
2025-06-17_20-52-07-461579.png,0.0
2025-06-17_20-52-07-964634.png,0.0
2025-06-17_20-52-08-458697.png,0.0
2025-06-17_20-52-08-984811.png,0.0
2025-06-17_20-52-09-506983.png,0.0
2025-06-17_20-52-10-011305.png,-0.04
2025-06-17_20-52-10-527724.png,-0.06
2025-06-17_20-52-11-039732.png,-0.06
2025-06-17_20-52-11-550291.png,-0.06
2025-06-17_20-52-12-064330.png,-0.06
2025-06-17_20-52-12-576742.png,0.02
2025-06-17_20-52-13-096938.png,-0.1
2025-06-17_20-52-13-601521.png,0.04
2025-06-17_20-52-14-117869.png,-0.04
2025-06-17_20-52-14-631039.png,-0.06
2025-06-17_20-52-15-138442.png,-0.14
2025-06-17_20-52-15-648714.png,0.0
2025-06-17_20-52-16-160565.png,-0.1
2025-06-17_20-52-16-670547.png,-0.1
2025-06-17_20-52-17-182251.png,-0.02
2025-06-17_20-52-17-690259.png,-0.02
2025-06-17_20-52-18-198954.png,-0.1
2025-06-17_20-52-18-718345.png,0.02
2025-06-17_20-52-19-211061.png,-0.02
2025-06-17_20-52-19-717773.png,-0.02
2025-06-17_20-52-20-227484.png,-0.02
2025-06-17_20-52-20-733437.png,-0.02
2025-06-17_20-52-21-242459.png,-0.02
2025-06-17_20-52-21-754969.png,-0.02
2025-06-17_20-52-22-261306.png,0.04
2025-06-17_20-52-22-780335.png,-0.06
2025-06-17_20-52-23-276830.png,0.02
2025-06-17_20-52-23-793170.png,0.02
2025-06-17_20-52-24-309151.png,0.02
2025-06-17_20-52-24-816698.png,-0.08
2025-06-17_20-52-25-336963.png,0.02
2025-06-17_20-52-25-851328.png,0.02
2025-06-17_20-52-26-367453.png,0.02
2025-06-17_20-52-26-883905.png,0.02
2025-06-17_20-52-27-387509.png,-0.06
2025-06-17_20-52-27-893130.png,0.04
2025-06-17_20-52-28-411870.png,0.04
2025-06-17_20-52-28-916342.png,-0.14
2025-06-17_20-52-29-409593.png,-0.06
2025-06-17_20-52-29-922401.png,0.1
2025-06-17_20-52-30-431852.png,0.1
2025-06-17_20-52-30-948391.png,0.1
2025-06-17_20-52-31-460899.png,0.1
2025-06-17_20-52-31-971153.png,0.1
2025-06-17_20-52-32-484901.png,-0.02
2025-06-17_20-52-32-995736.png,-0.02
2025-06-17_20-52-33-495318.png,-0.02
2025-06-17_20-52-34-003610.png,-0.02
2025-06-17_20-52-34-517228.png,-0.02
2025-06-17_20-52-35-030124.png,-0.02
2025-06-17_20-52-35-529535.png,-0.02
2025-06-17_20-52-36-041297.png,-0.02
2025-06-17_20-52-36-534633.png,-0.02
2025-06-17_20-52-37-051581.png,-0.02
2025-06-17_20-52-37-561576.png,0.0
2025-06-17_20-52-38-067172.png,0.0
2025-06-17_20-52-38-571479.png,0.02
2025-06-17_20-52-39-090091.png,0.04
2025-06-17_20-52-39-601554.png,0.04
2025-06-17_20-52-40-112179.png,-0.1
2025-06-17_20-52-40-603527.png,0.04
2025-06-17_20-52-41-112736.png,-0.02
2025-06-17_20-52-41-635241.png,-0.02
2025-06-17_20-52-42-126249.png,-0.02
2025-06-17_20-52-42-636796.png,0.04
2025-06-17_20-52-43-137324.png,-0.02
2025-06-17_20-52-43-641721.png,-0.02
2025-06-17_20-52-44-153052.png,0.1
2025-06-17_20-52-44-662744.png,0.06
2025-06-17_20-52-45-157469.png,-0.06
2025-06-17_20-52-45-682827.png,-0.06
2025-06-17_20-52-46-170653.png,0.0
2025-06-17_20-52-46-680889.png,0.0
2025-06-17_20-52-47-198262.png,0.0
2025-06-17_20-52-47-700814.png,0.06
2025-06-17_20-52-48-210378.png,-0.08
2025-06-17_20-52-48-725516.png,-0.08
2025-06-17_20-52-49-244330.png,0.06
2025-06-17_20-52-49-753544.png,-0.06
2025-06-17_20-52-50-265515.png,0.0
2025-06-17_20-52-50-782878.png,0.0
2025-06-17_20-52-51-304690.png,0.0
2025-06-17_20-52-51-823881.png,0.0
2025-06-17_20-52-52-328078.png,0.0
2025-06-17_20-52-52-836938.png,0.0
2025-06-17_20-52-53-350444.png,0.0
2025-06-17_20-52-53-865053.png,0.0
2025-06-17_20-52-54-378852.png,0.0
2025-06-17_20-52-54-891891.png,0.0
2025-06-17_20-52-55-390746.png,0.0
2025-06-17_20-52-55-904755.png,0.0
2025-06-17_20-52-56-419508.png,0.0
2025-06-17_20-52-56-941155.png,0.0
2025-06-17_20-52-57-466625.png,0.0
2025-06-17_20-52-57-960220.png,0.0
2025-06-17_20-52-58-470890.png,0.0
2025-06-17_20-52-58-995752.png,-0.12
2025-06-17_20-52-59-501001.png,-0.06
2025-06-17_20-53-00-004054.png,-0.06
2025-06-17_20-53-00-523333.png,-0.06
2025-06-17_20-53-01-029830.png,-0.06
2025-06-17_20-53-01-547946.png,-0.06
2025-06-17_20-53-02-046531.png,-0.06
2025-06-17_20-53-02-559089.png,-0.06
2025-06-17_20-53-03-067231.png,-0.06
2025-06-17_20-53-03-583304.png,-0.06
2025-06-17_20-53-04-106993.png,-0.06
2025-06-17_20-53-04-616957.png,-0.06
2025-06-17_20-53-05-117274.png,-0.06
2025-06-17_20-53-05-631219.png,-0.06
2025-06-17_20-53-06-130644.png,-0.06
2025-06-17_20-53-06-648193.png,-0.06
2025-06-17_20-53-07-152965.png,-0.06
2025-06-17_20-53-07-667909.png,-0.06
2025-06-17_20-53-08-183024.png,0.02
2025-06-17_20-53-08-683204.png,0.02
2025-06-17_20-53-09-188808.png,-0.02
2025-06-17_20-53-09-695519.png,-0.02
2025-06-17_20-53-10-210777.png,-0.02
2025-06-17_20-53-10-715507.png,0.02
2025-06-17_20-53-11-235837.png,0.02
2025-06-17_20-53-11-758192.png,-0.06
2025-06-17_20-53-12-270655.png,0.0
2025-06-17_20-53-12-770187.png,0.0
2025-06-17_20-53-13-293161.png,0.0
2025-06-17_20-53-13-791779.png,0.0
2025-06-17_20-53-14-306046.png,0.0
2025-06-17_20-53-14-814195.png,0.0
2025-06-17_20-53-15-326034.png,0.0
2025-06-17_20-53-15-849933.png,0.0
2025-06-17_20-53-16-365986.png,0.06
2025-06-17_20-53-16-869184.png,-0.04
2025-06-17_20-53-17-381651.png,-0.04
2025-06-17_20-53-17-902390.png,0.02
2025-06-17_20-53-18-402856.png,-0.08
2025-06-17_20-53-18-904928.png,-0.02
2025-06-17_20-53-19-418847.png,0.14
2025-06-17_20-53-19-925468.png,0.0
2025-06-17_20-53-20-436727.png,-0.1
2025-06-17_20-53-20-954803.png,0.0
2025-06-17_20-53-21-457220.png,0.08
2025-06-17_20-53-21-973710.png,0.06
2025-06-17_20-53-22-484862.png,0.06
2025-06-17_20-53-22-974729.png,0.02
2025-06-17_20-53-23-470982.png,-0.08
2025-06-17_20-53-23-984723.png,-0.02
2025-06-17_20-53-24-495895.png,-0.02
2025-06-17_20-53-25-012163.png,-0.02
2025-06-17_20-53-25-522708.png,-0.02
2025-06-17_20-53-26-035436.png,-0.02
2025-06-17_20-53-26-536946.png,-0.02
2025-06-17_20-53-27-051536.png,-0.02
2025-06-17_20-53-27-543989.png,0.06
2025-06-17_20-53-28-059674.png,-0.04
2025-06-17_20-53-28-566230.png,-0.06
2025-06-17_20-53-29-066514.png,0.0
2025-06-17_20-53-29-581007.png,0.0
2025-06-17_20-53-30-096264.png,0.0
2025-06-17_20-53-30-595231.png,0.0
2025-06-17_20-53-31-114838.png,0.0
2025-06-17_20-53-31-618061.png,0.0
2025-06-17_20-53-32-137949.png,0.0
2025-06-17_20-53-32-637782.png,0.0
2025-06-17_20-53-33-153398.png,0.0
2025-06-17_20-53-33-670274.png,0.0
2025-06-17_20-53-34-166485.png,0.0
2025-06-17_20-53-34-675146.png,0.0
2025-06-17_20-53-35-183369.png,0.0
2025-06-17_20-53-35-684412.png,0.0
2025-06-17_20-53-36-192471.png,0.0
2025-06-17_20-53-36-707831.png,-0.1
2025-06-17_20-53-37-215800.png,-0.04
2025-06-17_20-53-37-736812.png,-0.04
2025-06-17_20-53-38-248091.png,-0.04
2025-06-17_20-53-38-751573.png,0.1
2025-06-17_20-53-39-262125.png,-0.06
2025-06-17_20-53-39-774132.png,-0.06
2025-06-17_20-53-40-287913.png,-0.06
2025-06-17_20-53-40-801752.png,-0.06
2025-06-17_20-53-41-313937.png,-0.06
2025-06-17_20-53-41-826633.png,-0.06
2025-06-17_20-53-42-348819.png,-0.06
2025-06-17_20-53-42-853698.png,-0.06
2025-06-17_20-53-43-374796.png,0.02
2025-06-17_20-53-43-881015.png,0.02
2025-06-17_20-53-44-395965.png,0.02
2025-06-17_20-53-44-903368.png,0.02
2025-06-17_20-53-45-417678.png,0.02
2025-06-17_20-53-45-921819.png,-0.1
2025-06-17_20-53-46-433096.png,-0.02
2025-06-17_20-53-46-949650.png,-0.02
2025-06-17_20-53-47-471206.png,-0.02
2025-06-17_20-53-47-985911.png,-0.02
2025-06-17_20-53-48-501810.png,-0.02
2025-06-17_20-53-48-996916.png,-0.02
2025-06-17_20-53-49-496791.png,-0.02
2025-06-17_20-53-49-999713.png,-0.02
2025-06-17_20-53-50-511845.png,-0.02
2025-06-17_20-53-51-032548.png,-0.02
2025-06-17_20-53-51-520942.png,-0.14
2025-06-17_20-53-52-035126.png,-0.06
2025-06-17_20-53-52-549075.png,-0.06
2025-06-17_20-53-53-055268.png,-0.06
2025-06-17_20-53-53-564158.png,0.04
2025-06-17_20-53-54-077919.png,-0.04
2025-06-17_20-53-54-579133.png,0.1
2025-06-17_20-53-55-089870.png,0.0
2025-06-17_20-53-55-608198.png,0.0
2025-06-17_20-53-56-126243.png,-0.08
2025-06-17_20-53-56-637184.png,-0.02
2025-06-17_20-53-57-148420.png,-0.02
2025-06-17_20-53-57-653768.png,-0.02
2025-06-17_20-53-58-169614.png,-0.02
2025-06-17_20-53-58-672022.png,-0.02
2025-06-17_20-53-59-175627.png,0.06
2025-06-17_20-53-59-686129.png,-0.04
2025-06-17_20-54-00-184448.png,-0.04
2025-06-17_20-54-00-707722.png,0.04
2025-06-17_20-54-01-211069.png,0.04
2025-06-17_20-54-01-704169.png,-0.04
2025-06-17_20-54-02-220565.png,0.08
2025-06-17_20-54-02-743684.png,-0.02
2025-06-17_20-54-03-257694.png,-0.02
2025-06-17_20-54-03-786474.png,-0.02
2025-06-17_20-54-04-303013.png,-0.02
2025-06-17_20-54-04-803823.png,0.04
2025-06-17_20-54-05-308891.png,0.04
2025-06-17_20-54-05-827050.png,-0.02
2025-06-17_20-54-06-327929.png,-0.02
2025-06-17_20-54-06-839693.png,-0.02
2025-06-17_20-54-07-355402.png,0.02
2025-06-17_20-54-07-874867.png,-0.02
2025-06-17_20-54-08-373074.png,-0.04
2025-06-17_20-54-08-887042.png,0.02
2025-06-17_20-54-09-402663.png,0.02
2025-06-17_20-54-09-918208.png,0.02
2025-06-17_20-54-10-417913.png,0.02
2025-06-17_20-54-10-945179.png,-0.12
2025-06-17_20-54-11-460681.png,0.02
2025-06-17_20-54-11-976015.png,0.02
2025-06-17_20-54-12-477675.png,0.02
2025-06-17_20-54-12-993255.png,0.02
2025-06-17_20-54-13-506335.png,0.02
2025-06-17_20-54-14-007626.png,0.02
2025-06-17_20-54-14-515928.png,0.02
2025-06-17_20-54-15-026169.png,0.02
2025-06-17_20-54-15-533446.png,0.02
2025-06-17_20-54-16-051731.png,0.02
2025-06-17_20-54-16-554251.png,-0.08
2025-06-17_20-54-17-070426.png,0.02
2025-06-17_20-54-17-572867.png,-0.12
2025-06-17_20-54-18-073835.png,-0.12
2025-06-17_20-54-18-591818.png,0.04
2025-06-17_20-54-19-108350.png,-0.06
2025-06-17_20-54-19-599954.png,-0.06
2025-06-17_20-54-20-117679.png,-0.06
2025-06-17_20-54-20-641994.png,-0.06
2025-06-17_20-54-21-135132.png,-0.06
2025-06-17_20-54-21-668311.png,-0.06
2025-06-17_20-54-22-192222.png,-0.06
2025-06-17_20-54-22-708663.png,-0.06
2025-06-17_20-54-23-223454.png,-0.06
2025-06-17_20-54-23-758284.png,-0.06
2025-06-17_20-54-24-225369.png,-0.06
2025-06-17_20-54-24-728265.png,-0.06
2025-06-17_20-54-25-240969.png,-0.06
2025-06-17_20-54-25-754177.png,-0.06
2025-06-17_20-54-26-262945.png,-0.06
2025-06-17_20-54-26-773363.png,-0.06
2025-06-17_20-54-27-281012.png,-0.06
2025-06-17_20-54-27-804764.png,-0.06
2025-06-17_20-54-28-315770.png,-0.06
2025-06-17_20-54-28-841264.png,-0.06
2025-06-17_20-54-29-351989.png,-0.06
2025-06-17_20-54-29-866856.png,-0.06
2025-06-17_20-54-30-372702.png,-0.06
2025-06-17_20-54-30-891261.png,-0.06
2025-06-17_20-54-31-392972.png,-0.06
2025-06-17_20-54-31-895963.png,0.02
2025-06-17_20-54-32-405106.png,0.02
2025-06-17_20-54-32-926761.png,-0.04
2025-06-17_20-54-33-430785.png,0.0
2025-06-17_20-54-33-950856.png,0.0
2025-06-17_20-54-34-452041.png,0.0
2025-06-17_20-54-34-976560.png,0.0
2025-06-17_20-54-35-490296.png,0.0
2025-06-17_20-54-36-007247.png,0.0
2025-06-17_20-54-36-531623.png,0.0
2025-06-17_20-54-37-047051.png,0.0
2025-06-17_20-54-37-554291.png,0.0
2025-06-17_20-54-38-062590.png,0.0
2025-06-17_20-54-38-560523.png,0.0
2025-06-17_20-54-39-062661.png,0.0
2025-06-17_20-54-39-586453.png,0.0
2025-06-17_20-54-40-088757.png,0.0
2025-06-17_20-54-40-593871.png,0.12
2025-06-17_20-54-41-098795.png,0.06
2025-06-17_20-54-41-611216.png,0.06
2025-06-17_20-54-42-103542.png,0.06
2025-06-17_20-54-42-609400.png,0.12
2025-06-17_20-54-43-110497.png,0.12
2025-06-17_20-54-43-623722.png,0.12
2025-06-17_20-54-44-130696.png,0.02
2025-06-17_20-54-44-634317.png,0.02
2025-06-17_20-54-45-143863.png,0.1
2025-06-17_20-54-45-659246.png,0.1
2025-06-17_20-54-46-177226.png,0.1
2025-06-17_20-54-46-710834.png,0.1
2025-06-17_20-54-47-214984.png,0.1
2025-06-17_20-54-47-723242.png,0.1
2025-06-17_20-54-48-230143.png,0.0
2025-06-17_20-54-48-742801.png,0.0
2025-06-17_20-54-49-253898.png,0.0
2025-06-17_20-54-49-764691.png,0.0
2025-06-17_20-54-50-254801.png,0.0
2025-06-17_20-54-50-777973.png,0.0
2025-06-17_20-54-51-290460.png,0.0
2025-06-17_20-54-51-793222.png,0.0
2025-06-17_20-54-52-309839.png,-0.08
2025-06-17_20-54-52-834997.png,-0.08
2025-06-17_20-54-53-333401.png,-0.08
2025-06-17_20-54-53-846946.png,-0.08
2025-06-17_20-54-54-362229.png,-0.04
2025-06-17_20-54-54-859227.png,-0.04
2025-06-17_20-54-55-365395.png,-0.04
2025-06-17_20-54-55-879358.png,-0.12
2025-06-17_20-54-56-375126.png,-0.06
2025-06-17_20-54-56-880248.png,-0.06
2025-06-17_20-54-57-385107.png,-0.06
2025-06-17_20-54-57-899317.png,-0.06
2025-06-17_20-54-58-401432.png,-0.06
2025-06-17_20-54-58-916703.png,-0.06
2025-06-17_20-54-59-450085.png,-0.06
2025-06-17_20-54-59-961146.png,-0.06
2025-06-17_20-55-00-478682.png,-0.06
2025-06-17_20-55-00-992900.png,-0.06
2025-06-17_20-55-01-486119.png,-0.06
2025-06-17_20-55-01-989464.png,-0.06
2025-06-17_20-55-02-504457.png,-0.06
2025-06-17_20-55-03-021171.png,-0.06
2025-06-17_20-55-03-545660.png,-0.06
2025-06-17_20-55-04-029974.png,-0.06
2025-06-17_20-55-04-552940.png,-0.06
2025-06-17_20-55-05-057856.png,-0.06
2025-06-17_20-55-05-578467.png,-0.06
2025-06-17_20-55-06-104279.png,-0.06
2025-06-17_20-55-06-609394.png,-0.06
2025-06-17_20-55-07-112288.png,-0.06
2025-06-17_20-55-07-633227.png,-0.06
2025-06-17_20-55-08-133690.png,-0.06
2025-06-17_20-55-08-661626.png,-0.06
2025-06-17_20-55-09-160874.png,-0.06
2025-06-17_20-55-09-663255.png,-0.06
2025-06-17_20-55-10-184893.png,-0.06
2025-06-17_20-55-10-689338.png,-0.18
2025-06-17_20-55-11-201090.png,-0.16
2025-06-17_20-55-11-716142.png,-0.12
2025-06-17_20-55-12-210607.png,-0.02
2025-06-17_20-55-12-725546.png,-0.02
2025-06-17_20-55-13-250064.png,-0.02
2025-06-17_20-55-13-766588.png,-0.02
2025-06-17_20-55-14-278544.png,-0.02
2025-06-17_20-55-14-793542.png,-0.1
2025-06-17_20-55-15-294237.png,0.0
2025-06-17_20-55-15-807914.png,-0.02
2025-06-17_20-55-16-321910.png,-0.08
2025-06-17_20-55-16-827184.png,0.04
2025-06-17_20-55-17-339283.png,-0.02
2025-06-17_20-55-17-849839.png,-0.02
2025-06-17_20-55-18-374821.png,-0.02
2025-06-17_20-55-18-863489.png,-0.02
2025-06-17_20-55-19-373157.png,-0.02
2025-06-17_20-55-19-883174.png,-0.02
2025-06-17_20-55-20-413254.png,-0.02
2025-06-17_20-55-20-921379.png,-0.02
2025-06-17_20-55-21-435694.png,-0.02
2025-06-17_20-55-21-952852.png,-0.02
2025-06-17_20-55-22-451080.png,-0.02
2025-06-17_20-55-22-955549.png,-0.02
2025-06-17_20-55-23-438613.png,-0.02
2025-06-17_20-55-23-944250.png,-0.02
2025-06-17_20-55-24-430233.png,-0.02
2025-06-17_20-55-24-936497.png,-0.02
2025-06-17_20-55-25-435813.png,0.08
2025-06-17_20-55-25-962848.png,0.0
2025-06-17_20-55-26-470997.png,0.0
2025-06-17_20-55-26-970367.png,0.0
2025-06-17_20-55-27-483458.png,0.0
2025-06-17_20-55-28-001399.png,0.0
2025-06-17_20-55-28-506281.png,0.0
2025-06-17_20-55-29-012245.png,0.0
2025-06-17_20-55-29-523196.png,0.0
2025-06-17_20-55-30-029857.png,0.0
2025-06-17_20-55-30-556736.png,0.0
2025-06-17_20-55-31-062440.png,0.0
2025-06-17_20-55-31-576584.png,0.0
2025-06-17_20-55-32-093861.png,0.0
2025-06-17_20-55-32-600134.png,0.0
2025-06-17_20-55-33-131576.png,0.0
2025-06-17_20-55-33-641294.png,0.0
2025-06-17_20-55-34-162640.png,0.0
2025-06-17_20-55-34-659689.png,0.0
2025-06-17_20-55-35-159693.png,0.0
2025-06-17_20-55-35-670273.png,0.0
2025-06-17_20-55-36-192923.png,0.0
2025-06-17_20-55-36-704996.png,0.0
2025-06-17_20-55-37-210638.png,0.0
2025-06-17_20-55-37-745972.png,0.0
2025-06-17_20-55-38-264336.png,0.0
2025-06-17_20-55-38-776162.png,0.0
2025-06-17_20-55-39-266319.png,0.0
2025-06-17_20-55-39-764500.png,0.0
2025-06-17_20-55-40-270010.png,0.0
2025-06-17_20-55-40-768120.png,0.0
2025-06-17_20-55-41-283996.png,0.0
2025-06-17_20-55-41-788036.png,0.0
2025-06-17_20-55-42-299698.png,0.0
2025-06-17_20-55-42-805516.png,0.0
2025-06-17_20-55-43-302618.png,0.0
2025-06-17_20-55-43-819315.png,0.0
2025-06-17_20-55-44-332328.png,0.0
2025-06-17_20-55-44-841000.png,-0.1
2025-06-17_20-55-45-342082.png,-0.1
2025-06-17_20-55-45-859189.png,-0.1
2025-06-17_20-55-46-367284.png,-0.1
2025-06-17_20-55-46-881639.png,-0.1
2025-06-17_20-55-47-388993.png,-0.1
2025-06-17_20-55-47-909909.png,-0.1
2025-06-17_20-55-48-416679.png,-0.1
2025-06-17_20-55-48-930329.png,-0.1
2025-06-17_20-55-49-430893.png,-0.02
2025-06-17_20-55-49-936380.png,-0.02
2025-06-17_20-55-50-446287.png,-0.02
2025-06-17_20-55-50-967494.png,-0.02
2025-06-17_20-55-51-477033.png,-0.12
2025-06-17_20-55-51-990841.png,-0.12
2025-06-17_20-55-52-510594.png,0.02
2025-06-17_20-55-53-036445.png,-0.06
2025-06-17_20-55-53-532953.png,-0.06
2025-06-17_20-55-54-049141.png,-0.06
2025-06-17_20-55-54-566952.png,-0.06
2025-06-17_20-55-55-074280.png,-0.06
2025-06-17_20-55-55-574614.png,-0.06
2025-06-17_20-55-56-070447.png,0.0
2025-06-17_20-55-56-585053.png,0.0
2025-06-17_20-55-57-084842.png,0.0
2025-06-17_20-55-57-597977.png,0.0
2025-06-17_20-55-58-119387.png,-0.04
2025-06-17_20-55-58-633272.png,-0.04
2025-06-17_20-55-59-157850.png,-0.04
2025-06-17_20-55-59-661718.png,0.08
2025-06-17_20-56-00-170693.png,-0.04
2025-06-17_20-56-00-682143.png,-0.04
2025-06-17_20-56-01-193970.png,-0.04
2025-06-17_20-56-01-699488.png,-0.04
2025-06-17_20-56-02-198923.png,-0.04
2025-06-17_20-56-02-708214.png,-0.04
2025-06-17_20-56-03-223753.png,0.16
2025-06-17_20-56-03-742564.png,0.12
2025-06-17_20-56-04-251548.png,0.04
2025-06-17_20-56-04-779776.png,-0.02
2025-06-17_20-56-05-276900.png,-0.02
2025-06-17_20-56-05-783533.png,-0.02
2025-06-17_20-56-06-289164.png,-0.02
2025-06-17_20-56-06-808781.png,-0.02
2025-06-17_20-56-07-319497.png,-0.02
2025-06-17_20-56-07-833754.png,-0.02
2025-06-17_20-56-08-365044.png,-0.02
2025-06-17_20-56-08-876108.png,-0.02
2025-06-17_20-56-09-392807.png,-0.02
2025-06-17_20-56-09-907171.png,-0.02
2025-06-17_20-56-10-412238.png,-0.02
2025-06-17_20-56-10-929324.png,-0.1
2025-06-17_20-56-11-439837.png,-0.1
2025-06-17_20-56-11-947767.png,-0.1
2025-06-17_20-56-12-456291.png,-0.1
2025-06-17_20-56-12-972749.png,-0.02
2025-06-17_20-56-13-495373.png,-0.14
2025-06-17_20-56-13-990349.png,-0.02
2025-06-17_20-56-14-497362.png,0.0
2025-06-17_20-56-15-016714.png,-0.08
2025-06-17_20-56-15-511373.png,-0.08
2025-06-17_20-56-16-022353.png,-0.08
2025-06-17_20-56-16-539681.png,-0.08
2025-06-17_20-56-17-060698.png,-0.08
2025-06-17_20-56-17-571103.png,-0.08
2025-06-17_20-56-18-077417.png,-0.08
2025-06-17_20-56-18-577555.png,0.04
2025-06-17_20-56-19-094748.png,-0.08
2025-06-17_20-56-19-595330.png,-0.08
2025-06-17_20-56-20-103825.png,-0.08
2025-06-17_20-56-20-625981.png,-0.08
2025-06-17_20-56-21-117740.png,-0.08
2025-06-17_20-56-21-639913.png,-0.04
2025-06-17_20-56-22-149060.png,-0.04
2025-06-17_20-56-22-653138.png,0.08
2025-06-17_20-56-23-169852.png,-0.04
2025-06-17_20-56-23-686387.png,-0.04
2025-06-17_20-56-24-188690.png,-0.04
2025-06-17_20-56-24-704420.png,0.04
2025-06-17_20-56-25-216462.png,-0.06
2025-06-17_20-56-25-730261.png,0.02
2025-06-17_20-56-26-222733.png,0.02
2025-06-17_20-56-26-742869.png,-0.04
2025-06-17_20-56-27-244448.png,-0.06
2025-06-17_20-56-27-766910.png,0.02
2025-06-17_20-56-28-289409.png,-0.06
2025-06-17_20-56-28-779104.png,0.1
2025-06-17_20-56-29-292351.png,-0.02
2025-06-17_20-56-29-790032.png,-0.02
2025-06-17_20-56-30-303305.png,-0.02
2025-06-17_20-56-30-809705.png,-0.02
2025-06-17_20-56-31-330690.png,-0.02
2025-06-17_20-56-31-853714.png,-0.02
2025-06-17_20-56-32-364646.png,-0.02
2025-06-17_20-56-32-872337.png,-0.02
2025-06-17_20-56-33-372768.png,-0.02
2025-06-17_20-56-33-879822.png,0.06
2025-06-17_20-56-34-372577.png,0.06
2025-06-17_20-56-34-881077.png,0.06
2025-06-17_20-56-35-397575.png,-0.08
2025-06-17_20-56-35-919793.png,-0.08
2025-06-17_20-56-36-437992.png,0.0
2025-06-17_20-56-36-944822.png,0.0
2025-06-17_20-56-37-479686.png,0.04
2025-06-17_20-56-37-986759.png,0.04
2025-06-17_20-56-38-501204.png,0.04
2025-06-17_20-56-39-021111.png,0.0
2025-06-17_20-56-39-531151.png,-0.08
2025-06-17_20-56-40-039651.png,-0.04
2025-06-17_20-56-40-551416.png,0.0
2025-06-17_20-56-41-064204.png,0.02
2025-06-17_20-56-41-589186.png,0.02
2025-06-17_20-56-42-087501.png,0.02
2025-06-17_20-56-42-603687.png,0.02
2025-06-17_20-56-43-112002.png,0.02
2025-06-17_20-56-43-626071.png,0.02
2025-06-17_20-56-44-140239.png,0.02
2025-06-17_20-56-44-629600.png,-0.08
2025-06-17_20-56-45-140646.png,-0.06
2025-06-17_20-56-45-656638.png,0.02
2025-06-17_20-56-46-168599.png,-0.06
2025-06-17_20-56-46-672602.png,0.04
2025-06-17_20-56-47-189780.png,-0.02
2025-06-17_20-56-47-688805.png,-0.04
2025-06-17_20-56-48-197239.png,-0.04
2025-06-17_20-56-48-710158.png,-0.04
2025-06-17_20-56-49-215176.png,-0.04
2025-06-17_20-56-49-731777.png,-0.04
2025-06-17_20-56-50-245552.png,-0.1
2025-06-17_20-56-50-756996.png,-0.1
2025-06-17_20-56-51-260368.png,-0.1
2025-06-17_20-56-51-768355.png,-0.1
2025-06-17_20-56-52-280915.png,-0.04
2025-06-17_20-56-52-799629.png,-0.04
2025-06-17_20-56-53-308660.png,-0.04
2025-06-17_20-56-53-822395.png,-0.06
2025-06-17_20-56-54-341153.png,-0.12
2025-06-17_20-56-54-844920.png,-0.08
2025-06-17_20-56-55-348697.png,-0.04
2025-06-17_20-56-55-872220.png,-0.04
2025-06-17_20-56-56-389622.png,-0.04
2025-06-17_20-56-56-894314.png,-0.04
2025-06-17_20-56-57-419562.png,-0.04
2025-06-17_20-56-57-910275.png,-0.04
2025-06-17_20-56-58-421747.png,0.0
2025-06-17_20-56-58-923696.png,-0.06
2025-06-17_20-56-59-430960.png,0.0
2025-06-17_20-56-59-940826.png,0.0
2025-06-17_20-57-00-455657.png,0.0
2025-06-17_20-57-00-951195.png,0.0
2025-06-17_20-57-01-463220.png,0.0
2025-06-17_20-57-01-969817.png,0.0
2025-06-17_20-57-02-483874.png,0.0
2025-06-17_20-57-03-003453.png,0.0
2025-06-17_20-57-03-496109.png,0.0
2025-06-17_20-57-04-021367.png,-0.06
2025-06-17_20-57-04-541759.png,-0.06
2025-06-17_20-57-05-035242.png,-0.04
2025-06-17_20-57-05-545489.png,0.04
2025-06-17_20-57-06-062216.png,0.04
2025-06-17_20-57-06-565088.png,-0.06
2025-06-17_20-57-07-082489.png,0.02
2025-06-17_20-57-07-608967.png,0.02
2025-06-17_20-57-08-109904.png,0.02
2025-06-17_20-57-08-621168.png,-0.04
2025-06-17_20-57-09-122704.png,0.04
2025-06-17_20-57-09-623965.png,0.04
2025-06-17_20-57-10-141373.png,-0.04
2025-06-17_20-57-10-638698.png,0.02
2025-06-17_20-57-11-155682.png,0.02
2025-06-17_20-57-11-662025.png,-0.06
2025-06-17_20-57-12-168600.png,-0.02
2025-06-17_20-57-12-673408.png,0.1
2025-06-17_20-57-13-190894.png,0.02
2025-06-17_20-57-13-689716.png,-0.04
2025-06-17_20-57-14-208912.png,-0.06
2025-06-17_20-57-14-729538.png,0.12
2025-06-17_20-57-15-242719.png,-0.04
2025-06-17_20-57-15-746880.png,-0.04
2025-06-17_20-57-16-268505.png,-0.04
2025-06-17_20-57-16-764533.png,-0.02
2025-06-17_20-57-17-272968.png,0.02
2025-06-17_20-57-17-791497.png,-0.06
2025-06-17_20-57-18-293594.png,0.04
2025-06-17_20-57-18-797932.png,-0.04
2025-06-17_20-57-19-319610.png,0.04
2025-06-17_20-57-19-821916.png,0.04
2025-06-17_20-57-20-332549.png,-0.06
2025-06-17_20-57-20-841915.png,0.0
2025-06-17_20-57-21-358377.png,0.0
2025-06-17_20-57-21-856780.png,0.0
2025-06-17_20-57-22-373156.png,0.0
2025-06-17_20-57-22-904503.png,0.08
2025-06-17_20-57-23-410399.png,0.0
2025-06-17_20-57-23-917579.png,0.0
2025-06-17_20-57-24-434072.png,-0.1
2025-06-17_20-57-24-944212.png,0.0
2025-06-17_20-57-25-461967.png,0.04
2025-06-17_20-57-25-984975.png,0.0
2025-06-17_20-57-26-496896.png,0.0
2025-06-17_20-57-27-006855.png,0.0
2025-06-17_20-57-27-531000.png,0.0
2025-06-17_20-57-28-041032.png,0.0
2025-06-17_20-57-28-551369.png,0.0
2025-06-17_20-57-29-040632.png,0.0
2025-06-17_20-57-29-556436.png,0.0
2025-06-17_20-57-30-064014.png,0.0
2025-06-17_20-57-30-575582.png,0.0
2025-06-17_20-57-31-092348.png,-0.06
2025-06-17_20-57-31-603130.png,-0.06
2025-06-17_20-57-32-113841.png,0.0
2025-06-17_20-57-32-600936.png,-0.04
2025-06-17_20-57-33-113246.png,-0.04
2025-06-17_20-57-33-625963.png,-0.04
2025-06-17_20-57-34-133732.png,-0.04
2025-06-17_20-57-34-644538.png,-0.04
2025-06-17_20-57-35-154629.png,-0.04
2025-06-17_20-57-35-667208.png,-0.04
2025-06-17_20-57-36-173233.png,-0.16
2025-06-17_20-57-36-683826.png,-0.08
2025-06-17_20-57-37-195332.png,-0.08
2025-06-17_20-57-37-717157.png,-0.08
2025-06-17_20-57-38-231070.png,-0.02
2025-06-17_20-57-38-741569.png,-0.1
2025-06-17_20-57-39-249774.png,0.02
2025-06-17_20-57-39-769082.png,0.0
2025-06-17_20-57-40-275031.png,-0.04
2025-06-17_20-57-40-799422.png,-0.06
2025-06-17_20-57-41-312947.png,-0.06
2025-06-17_20-57-41-809014.png,-0.06
2025-06-17_20-57-42-327652.png,-0.06
2025-06-17_20-57-42-823516.png,-0.06
2025-06-17_20-57-43-337853.png,-0.06
2025-06-17_20-57-43-854689.png,-0.06
2025-06-17_20-57-44-360287.png,0.04
2025-06-17_20-57-44-888885.png,-0.04
2025-06-17_20-57-45-402468.png,0.04
2025-06-17_20-57-45-929004.png,-0.1
2025-06-17_20-57-46-431559.png,-0.02
2025-06-17_20-57-46-929705.png,0.02
2025-06-17_20-57-47-445261.png,0.02
2025-06-17_20-57-47-951080.png,0.02
2025-06-17_20-57-48-476362.png,0.02
2025-06-17_20-57-48-973232.png,0.02
2025-06-17_20-57-49-488795.png,-0.04
2025-06-17_20-57-49-992975.png,0.0
2025-06-17_20-57-50-490154.png,0.0
2025-06-17_20-57-50-999477.png,0.0
2025-06-17_20-57-51-534160.png,0.0
2025-06-17_20-57-52-031394.png,0.0
2025-06-17_20-57-52-537242.png,0.0
2025-06-17_20-57-53-048710.png,0.0
2025-06-17_20-57-53-542102.png,0.0
2025-06-17_20-57-54-061252.png,0.0
2025-06-17_20-57-54-559415.png,0.0
2025-06-17_20-57-55-060058.png,0.0
2025-06-17_20-57-55-584313.png,0.0
2025-06-17_20-57-56-102078.png,0.0
2025-06-17_20-57-56-626970.png,0.0
2025-06-17_20-57-57-139336.png,0.0
2025-06-17_20-57-57-638325.png,0.0
2025-06-17_20-57-58-137636.png,0.04
2025-06-17_20-57-58-620758.png,0.0
2025-06-17_20-57-59-112577.png,0.0
2025-06-17_20-57-59-613518.png,-0.08
2025-06-17_20-58-00-117620.png,0.02
2025-06-17_20-58-00-626162.png,0.02
2025-06-17_20-58-01-140799.png,-0.08
2025-06-17_20-58-01-638869.png,0.0
2025-06-17_20-58-02-153348.png,0.0
2025-06-17_20-58-02-662378.png,0.06
2025-06-17_20-58-03-180719.png,0.02
2025-06-17_20-58-03-699306.png,-0.04
2025-06-17_20-58-04-203708.png,0.04
2025-06-17_20-58-04-714881.png,-0.08
2025-06-17_20-58-05-226592.png,-0.02
2025-06-17_20-58-05-725175.png,-0.02
2025-06-17_20-58-06-222163.png,0.04
2025-06-17_20-58-06-731100.png,-0.06
2025-06-17_20-58-07-240909.png,0.04
2025-06-17_20-58-07-750280.png,0.04
2025-06-17_20-58-08-266539.png,0.02
2025-06-17_20-58-08-774806.png,-0.02
2025-06-17_20-58-09-282155.png,0.08
2025-06-17_20-58-09-796530.png,-0.02
2025-06-17_20-58-10-296624.png,-0.02
2025-06-17_20-58-10-798342.png,-0.02
2025-06-17_20-58-11-301027.png,-0.02
2025-06-17_20-58-11-809527.png,-0.02
2025-06-17_20-58-12-315151.png,-0.02
2025-06-17_20-58-12-832162.png,-0.02
2025-06-17_20-58-13-338874.png,0.0
2025-06-17_20-58-13-863874.png,-0.08
2025-06-17_20-58-14-361085.png,0.06
2025-06-17_20-58-14-872268.png,-0.04
2025-06-17_20-58-15-381759.png,-0.12
2025-06-17_20-58-15-884933.png,-0.12
2025-06-17_20-58-16-408036.png,0.02
2025-06-17_20-58-16-909599.png,-0.12
2025-06-17_20-58-17-434574.png,-0.02
2025-06-17_20-58-17-955166.png,-0.08
2025-06-17_20-58-18-466608.png,-0.08
2025-06-17_20-58-18-970426.png,-0.08
2025-06-17_20-58-19-489906.png,-0.08
2025-06-17_20-58-20-006483.png,-0.08
2025-06-17_20-58-20-517134.png,0.02
2025-06-17_20-58-21-038599.png,-0.06
2025-06-17_20-58-21-548770.png,-0.02
2025-06-17_20-58-22-048105.png,-0.02
2025-06-17_20-58-22-560102.png,0.02
2025-06-17_20-58-23-071082.png,0.02
2025-06-17_20-58-23-593346.png,0.02
2025-06-17_20-58-24-113014.png,-0.02
2025-06-17_20-58-24-629040.png,0.06
2025-06-17_20-58-25-133985.png,0.02
2025-06-17_20-58-25-648542.png,-0.06
2025-06-17_20-58-26-151398.png,0.0
2025-06-17_20-58-26-666414.png,0.0
2025-06-17_20-58-27-191270.png,0.0
2025-06-17_20-58-27-702233.png,0.0
2025-06-17_20-58-28-206968.png,0.0
2025-06-17_20-58-28-727924.png,0.0
2025-06-17_20-58-29-239585.png,0.0
2025-06-17_20-58-29-728966.png,0.0
2025-06-17_20-58-30-227052.png,0.0
2025-06-17_20-58-30-738266.png,0.0
2025-06-17_20-58-31-247186.png,0.0
2025-06-17_20-58-31-756031.png,0.0
2025-06-17_20-58-32-254896.png,0.0
2025-06-17_20-58-32-758313.png,0.0
2025-06-17_20-58-33-255179.png,0.0
2025-06-17_20-58-33-770652.png,0.0
2025-06-17_20-58-34-285881.png,0.0
2025-06-17_20-58-34-785919.png,0.0
2025-06-17_20-58-35-304725.png,0.0
2025-06-17_20-58-35-812253.png,0.0
2025-06-17_20-58-36-324894.png,0.0
2025-06-17_20-58-36-822821.png,0.0
2025-06-17_20-58-37-335880.png,0.0
2025-06-17_20-58-37-857735.png,0.0
2025-06-17_20-58-38-364315.png,0.0
2025-06-17_20-58-38-884846.png,0.0
2025-06-17_20-58-39-370358.png,0.0
2025-06-17_20-58-39-892141.png,0.0
2025-06-17_20-58-40-404302.png,0.0
2025-06-17_20-58-40-907561.png,0.0
2025-06-17_20-58-41-436272.png,0.0
2025-06-17_20-58-41-943321.png,0.0
2025-06-17_20-58-42-459521.png,0.0
2025-06-17_20-58-42-977541.png,-0.06
2025-06-17_20-58-43-483280.png,-0.06
2025-06-17_20-58-43-975243.png,-0.06
2025-06-17_20-58-44-500734.png,-0.06
2025-06-17_20-58-45-001118.png,-0.06
2025-06-17_20-58-45-512942.png,0.0
2025-06-17_20-58-46-033924.png,0.0
2025-06-17_20-58-46-545547.png,0.0
2025-06-17_20-58-47-046064.png,0.0
2025-06-17_20-58-47-546479.png,0.0
2025-06-17_20-58-48-060672.png,0.0
2025-06-17_20-58-48-588018.png,-0.08
2025-06-17_20-58-49-103130.png,-0.08
2025-06-17_20-58-49-619620.png,-0.08
2025-06-17_20-58-50-129616.png,-0.04
2025-06-17_20-58-50-655603.png,-0.04
2025-06-17_20-58-51-152123.png,-0.04
2025-06-17_20-58-51-666874.png,-0.04
2025-06-17_20-58-52-167677.png,-0.04
2025-06-17_20-58-52-672368.png,0.04
2025-06-17_20-58-53-189984.png,-0.04
2025-06-17_20-58-53-681554.png,-0.04
2025-06-17_20-58-54-193458.png,0.08
2025-06-17_20-58-54-703604.png,0.0
2025-06-17_20-58-55-207001.png,-0.08
2025-06-17_20-58-55-698994.png,-0.08
2025-06-17_20-58-56-229913.png,-0.08
2025-06-17_20-58-56-709311.png,-0.08
2025-06-17_20-58-57-216157.png,0.04
2025-06-17_20-58-57-723102.png,-0.06
2025-06-17_20-58-58-235112.png,-0.06
2025-06-17_20-58-58-758282.png,-0.02
2025-06-17_20-58-59-250417.png,-0.02
2025-06-17_20-58-59-766029.png,-0.02
2025-06-17_20-59-00-265735.png,-0.12
2025-06-17_20-59-00-760355.png,-0.04
2025-06-17_20-59-01-276050.png,-0.04
2025-06-17_20-59-01-769969.png,-0.04
2025-06-17_20-59-02-285141.png,-0.04
2025-06-17_20-59-02-798604.png,-0.04
2025-06-17_20-59-03-293455.png,-0.04
2025-06-17_20-59-03-807082.png,0.06
2025-06-17_20-59-04-331793.png,-0.06
2025-06-17_20-59-04-830337.png,0.0
2025-06-17_20-59-05-347119.png,0.0
2025-06-17_20-59-05-868574.png,0.0
2025-06-17_20-59-06-362904.png,0.0
2025-06-17_20-59-06-868055.png,0.0
2025-06-17_20-59-07-391295.png,-0.12
2025-06-17_20-59-07-888936.png,0.0
2025-06-17_20-59-08-400461.png,0.0
2025-06-17_20-59-08-921203.png,0.08
2025-06-17_20-59-09-423890.png,-0.04
2025-06-17_20-59-09-922218.png,-0.02
2025-06-17_20-59-10-440946.png,0.02
2025-06-17_20-59-10-948485.png,0.02
2025-06-17_20-59-11-449411.png,0.02
2025-06-17_20-59-11-958999.png,-0.04
2025-06-17_20-59-12-477401.png,0.1
2025-06-17_20-59-12-994297.png,-0.04
2025-06-17_20-59-13-486203.png,-0.04
2025-06-17_20-59-13-980588.png,-0.04
2025-06-17_20-59-14-499393.png,-0.04
2025-06-17_20-59-15-010675.png,0.02
2025-06-17_20-59-15-518491.png,-0.08
2025-06-17_20-59-16-034346.png,-0.08
2025-06-17_20-59-16-542651.png,0.0
2025-06-17_20-59-17-046065.png,0.04
2025-06-17_20-59-17-553249.png,0.12
2025-06-17_20-59-18-049845.png,0.0
2025-06-17_20-59-18-563858.png,0.0
2025-06-17_20-59-19-075000.png,0.0
2025-06-17_20-59-19-594404.png,0.0
2025-06-17_20-59-20-103599.png,0.0
2025-06-17_20-59-20-620885.png,0.0
2025-06-17_20-59-21-123757.png,-0.08
2025-06-17_20-59-21-641168.png,-0.08
2025-06-17_20-59-22-149666.png,-0.08
2025-06-17_20-59-22-670664.png,-0.04
2025-06-17_20-59-23-183023.png,0.04
2025-06-17_20-59-23-692502.png,0.04
2025-06-17_20-59-24-200382.png,-0.08
2025-06-17_20-59-24-723898.png,-0.08
2025-06-17_20-59-25-230279.png,0.02
2025-06-17_20-59-25-727119.png,0.02
2025-06-17_20-59-26-241466.png,0.02
2025-06-17_20-59-26-749003.png,-0.08
2025-06-17_20-59-27-255463.png,-0.08
2025-06-17_20-59-27-763069.png,0.0
2025-06-17_20-59-28-277492.png,-0.1
2025-06-17_20-59-28-786154.png,0.06
2025-06-17_20-59-29-303853.png,0.0
2025-06-17_20-59-29-824473.png,-0.12
2025-06-17_20-59-30-341869.png,-0.12
2025-06-17_20-59-30-841263.png,-0.12
2025-06-17_20-59-31-366002.png,-0.06
2025-06-17_20-59-31-867651.png,-0.06
2025-06-17_20-59-32-383240.png,-0.06
2025-06-17_20-59-32-890509.png,-0.06
2025-06-17_20-59-33-398490.png,-0.06
2025-06-17_20-59-33-918157.png,-0.06
2025-06-17_20-59-34-434042.png,-0.06
2025-06-17_20-59-34-952404.png,-0.06
2025-06-17_20-59-35-464499.png,0.02
2025-06-17_20-59-35-982733.png,-0.02
2025-06-17_20-59-36-502596.png,-0.02
2025-06-17_20-59-36-997403.png,-0.02
2025-06-17_20-59-37-505753.png,0.04
2025-06-17_20-59-38-021268.png,-0.04
2025-06-17_20-59-38-541269.png,0.06
2025-06-17_20-59-39-062099.png,-0.04
2025-06-17_20-59-39-568905.png,-0.04
2025-06-17_20-59-40-077583.png,-0.04
2025-06-17_20-59-40-592102.png,0.04
2025-06-17_20-59-41-110822.png,0.14
2025-06-17_20-59-41-622299.png,0.04
2025-06-17_20-59-42-139943.png,0.04
2025-06-17_20-59-42-638363.png,0.14
2025-06-17_20-59-43-149194.png,0.14
2025-06-17_20-59-43-659517.png,0.04
2025-06-17_20-59-44-175610.png,0.18
2025-06-17_20-59-44-680985.png,0.08
2025-06-17_20-59-45-194584.png,0.08
2025-06-17_20-59-45-711649.png,0.08
2025-06-17_20-59-46-217796.png,0.04
2025-06-17_20-59-46-737145.png,-0.02
2025-06-17_20-59-47-254698.png,-0.02
2025-06-17_20-59-47-760937.png,-0.02
2025-06-17_20-59-48-268535.png,-0.02
2025-06-17_20-59-48-784246.png,-0.1
2025-06-17_20-59-49-289788.png,0.0
2025-06-17_20-59-49-804939.png,-0.06
2025-06-17_20-59-50-314927.png,-0.06
2025-06-17_20-59-50-839992.png,-0.06
2025-06-17_20-59-51-350734.png,-0.06
2025-06-17_20-59-51-877988.png,-0.06
2025-06-17_20-59-52-383393.png,-0.06
2025-06-17_20-59-52-884413.png,-0.06
2025-06-17_20-59-53-383353.png,-0.06
2025-06-17_20-59-53-904809.png,-0.06
2025-06-17_20-59-54-415542.png,-0.06
2025-06-17_20-59-54-903264.png,-0.06
2025-06-17_20-59-55-424031.png,-0.06
2025-06-17_20-59-55-939810.png,-0.06
2025-06-17_20-59-56-448533.png,-0.06
2025-06-17_20-59-56-962538.png,-0.06
2025-06-17_20-59-57-466791.png,-0.06
2025-06-17_20-59-57-968731.png,-0.16
2025-06-17_20-59-58-469411.png,-0.14
2025-06-17_20-59-58-990642.png,-0.04
2025-06-17_20-59-59-482969.png,-0.04
2025-06-17_21-00-00-001016.png,-0.14
2025-06-17_21-00-00-513664.png,-0.06
2025-06-17_21-00-01-032622.png,-0.06
2025-06-17_21-00-01-535508.png,-0.06
2025-06-17_21-00-02-045089.png,-0.06
2025-06-17_21-00-02-555670.png,-0.06
2025-06-17_21-00-03-063576.png,-0.06
2025-06-17_21-00-03-582867.png,0.02
2025-06-17_21-00-04-082199.png,-0.1
2025-06-17_21-00-04-583811.png,-0.1
2025-06-17_21-00-05-102708.png,-0.02
2025-06-17_21-00-05-627368.png,-0.02
2025-06-17_21-00-06-124878.png,-0.02
2025-06-17_21-00-06-636568.png,-0.02
2025-06-17_21-00-07-155043.png,-0.02
2025-06-17_21-00-07-660199.png,0.06
2025-06-17_21-00-08-155760.png,-0.02
2025-06-17_21-00-08-656222.png,-0.02
2025-06-17_21-00-09-180774.png,-0.02
2025-06-17_21-00-09-663697.png,-0.02
2025-06-17_21-00-10-173615.png,0.02
2025-06-17_21-00-10-675602.png,0.02
2025-06-17_21-00-11-201073.png,0.02
2025-06-17_21-00-11-707398.png,0.0
2025-06-17_21-00-12-221569.png,0.0
2025-06-17_21-00-12-727446.png,0.0
2025-06-17_21-00-13-239435.png,0.0
2025-06-17_21-00-13-746539.png,0.0
2025-06-17_21-00-14-262851.png,0.0
2025-06-17_21-00-14-778847.png,0.0
2025-06-17_21-00-15-280045.png,0.0
2025-06-17_21-00-15-792280.png,0.0
2025-06-17_21-00-16-318608.png,0.0
2025-06-17_21-00-16-808247.png,0.0
2025-06-17_21-00-17-308585.png,0.0
2025-06-17_21-00-17-824206.png,0.0
2025-06-17_21-00-18-316144.png,0.0
2025-06-17_21-00-18-836485.png,-0.06
2025-06-17_21-00-19-339957.png,-0.06
2025-06-17_21-00-19-843473.png,-0.06
2025-06-17_21-00-20-359367.png,-0.06
2025-06-17_21-00-20-862719.png,-0.06
2025-06-17_21-00-21-386397.png,-0.06
2025-06-17_21-00-21-899030.png,-0.06
2025-06-17_21-00-22-405622.png,-0.06
2025-06-17_21-00-22-916236.png,-0.06
2025-06-17_21-00-23-423965.png,-0.06
2025-06-17_21-00-23-924280.png,0.1
2025-06-17_21-00-24-429368.png,0.0
2025-06-17_21-00-24-944302.png,0.0
2025-06-17_21-00-25-457357.png,0.0
2025-06-17_21-00-25-962631.png,-0.1
2025-06-17_21-00-26-466321.png,-0.1
2025-06-17_21-00-26-980910.png,-0.1
2025-06-17_21-00-27-501740.png,-0.1
2025-06-17_21-00-28-004098.png,0.0
2025-06-17_21-00-28-519758.png,-0.04
2025-06-17_21-00-29-036212.png,-0.04
2025-06-17_21-00-29-524796.png,-0.04
2025-06-17_21-00-30-045774.png,-0.04
2025-06-17_21-00-30-543417.png,-0.04
2025-06-17_21-00-31-053784.png,-0.04
2025-06-17_21-00-31-566769.png,-0.04
2025-06-17_21-00-32-071317.png,-0.04
2025-06-17_21-00-32-589905.png,-0.08
2025-06-17_21-00-33-104248.png,-0.08
2025-06-17_21-00-33-615066.png,-0.08
2025-06-17_21-00-34-131539.png,-0.08
2025-06-17_21-00-34-647568.png,-0.08
2025-06-17_21-00-35-154151.png,-0.08
2025-06-17_21-00-35-660953.png,-0.08
2025-06-17_21-00-36-161551.png,-0.08
2025-06-17_21-00-36-680836.png,-0.08
2025-06-17_21-00-37-193314.png,-0.08
2025-06-17_21-00-37-693444.png,-0.08
2025-06-17_21-00-38-191998.png,-0.08
2025-06-17_21-00-38-693593.png,-0.08
2025-06-17_21-00-39-202664.png,-0.08
2025-06-17_21-00-39-695094.png,-0.08
2025-06-17_21-00-40-199389.png,-0.08
2025-06-17_21-00-40-698637.png,-0.08
2025-06-17_21-00-41-198434.png,-0.08
2025-06-17_21-00-41-703602.png,-0.08
2025-06-17_21-00-42-208965.png,-0.08
2025-06-17_21-00-42-730960.png,-0.08
2025-06-17_21-00-43-255791.png,-0.08
2025-06-17_21-00-43-763258.png,0.0
2025-06-17_21-00-44-269111.png,0.0
2025-06-17_21-00-44-778847.png,0.0
2025-06-17_21-00-45-276600.png,0.0
2025-06-17_21-00-45-778276.png,0.0
2025-06-17_21-00-46-289150.png,0.0
2025-06-17_21-00-46-791816.png,0.0
2025-06-17_21-00-47-303787.png,0.0
2025-06-17_21-00-47-820905.png,-0.12
2025-06-17_21-00-48-312930.png,0.02
2025-06-17_21-00-48-833874.png,0.02
2025-06-17_21-00-49-348353.png,0.02
2025-06-17_21-00-49-866562.png,-0.04
2025-06-17_21-00-50-364180.png,-0.04
2025-06-17_21-00-50-876582.png,-0.04
2025-06-17_21-00-51-385165.png,0.02
2025-06-17_21-00-51-895921.png,0.02
2025-06-17_21-00-52-406636.png,0.02
2025-06-17_21-00-52-930274.png,0.02
2025-06-17_21-00-53-453988.png,0.02
2025-06-17_21-00-53-936408.png,0.02
2025-06-17_21-00-54-444326.png,-0.04
2025-06-17_21-00-54-952001.png,-0.04
2025-06-17_21-00-55-459190.png,-0.04
2025-06-17_21-00-55-973151.png,0.06
2025-06-17_21-00-56-475029.png,0.0
2025-06-17_21-00-56-983838.png,0.0
2025-06-17_21-00-57-497990.png,0.0
2025-06-17_21-00-58-011710.png,0.0
2025-06-17_21-00-58-523171.png,0.0
2025-06-17_21-00-59-034789.png,-0.1
2025-06-17_21-00-59-552375.png,-0.1
2025-06-17_21-01-00-062815.png,-0.1
2025-06-17_21-01-00-573247.png,-0.1
2025-06-17_21-01-01-081711.png,0.04
2025-06-17_21-01-01-599137.png,0.04
2025-06-17_21-01-02-121070.png,0.04
2025-06-17_21-01-02-632732.png,-0.1
2025-06-17_21-01-03-144107.png,0.0
2025-06-17_21-01-03-660419.png,0.0
2025-06-17_21-01-04-159168.png,-0.02
2025-06-17_21-01-04-679272.png,-0.14
2025-06-17_21-01-05-179626.png,-0.04
2025-06-17_21-01-05-682784.png,-0.04
2025-06-17_21-01-06-203711.png,-0.12
2025-06-17_21-01-06-721148.png,0.0
2025-06-17_21-01-07-216935.png,0.02
2025-06-17_21-01-07-725457.png,-0.1
2025-06-17_21-01-08-232374.png,-0.1
2025-06-17_21-01-08-723785.png,-0.1
2025-06-17_21-01-09-225157.png,-0.1
2025-06-17_21-01-09-743351.png,-0.02
2025-06-17_21-01-10-256727.png,-0.02
2025-06-17_21-01-10-773904.png,-0.1
2025-06-17_21-01-11-275785.png,-0.1
2025-06-17_21-01-11-789935.png,0.02
2025-06-17_21-01-12-290061.png,0.0
2025-06-17_21-01-12-816156.png,-0.1
2025-06-17_21-01-13-312481.png,0.04
2025-06-17_21-01-13-837752.png,0.04
2025-06-17_21-01-14-334584.png,-0.06
2025-06-17_21-01-14-856263.png,0.0
2025-06-17_21-01-15-377524.png,0.0
2025-06-17_21-01-15-885808.png,0.0
2025-06-17_21-01-16-391343.png,0.0
2025-06-17_21-01-16-901115.png,0.0
2025-06-17_21-01-17-385926.png,0.0
2025-06-17_21-01-17-894371.png,0.0
2025-06-17_21-01-18-405161.png,0.0
2025-06-17_21-01-18-927283.png,0.0
2025-06-17_21-01-19-431927.png,0.0
2025-06-17_21-01-19-929099.png,0.0
2025-06-17_21-01-20-439014.png,0.0
2025-06-17_21-01-20-948768.png,0.0
2025-06-17_21-01-21-469549.png,0.0
2025-06-17_21-01-21-984359.png,0.0
2025-06-17_21-01-22-486755.png,0.0
2025-06-17_21-01-22-991854.png,0.0
2025-06-17_21-01-23-511459.png,0.0
2025-06-17_21-01-24-029098.png,0.0
2025-06-17_21-01-24-534341.png,0.0
2025-06-17_21-01-25-029903.png,0.0
2025-06-17_21-01-25-555491.png,0.0
2025-06-17_21-01-26-056738.png,0.0
2025-06-17_21-01-26-578692.png,0.0
2025-06-17_21-01-27-096175.png,0.0
2025-06-17_21-01-27-597243.png,0.0
2025-06-17_21-01-28-119466.png,0.0
2025-06-17_21-01-28-629898.png,0.0
2025-06-17_21-01-29-152648.png,0.0
2025-06-17_21-01-29-667422.png,0.0
2025-06-17_21-01-30-175004.png,-0.18
2025-06-17_21-01-30-685823.png,-0.04
2025-06-17_21-01-31-199863.png,-0.04
2025-06-17_21-01-31-711138.png,0.08
2025-06-17_21-01-32-216356.png,0.08
2025-06-17_21-01-32-728822.png,-0.04
2025-06-17_21-01-33-241393.png,-0.04
2025-06-17_21-01-33-749210.png,-0.12
2025-06-17_21-01-34-270708.png,-0.12
2025-06-17_21-01-34-784281.png,-0.06
2025-06-17_21-01-35-300466.png,-0.06
2025-06-17_21-01-35-813756.png,-0.06
2025-06-17_21-01-36-323871.png,-0.06
2025-06-17_21-01-36-840663.png,-0.06
2025-06-17_21-01-37-354559.png,-0.06
2025-06-17_21-01-37-855740.png,-0.06
2025-06-17_21-01-38-378075.png,-0.06
2025-06-17_21-01-38-880528.png,-0.06
2025-06-17_21-01-39-368446.png,-0.06
2025-06-17_21-01-39-871047.png,-0.06
2025-06-17_21-01-40-385571.png,-0.06
2025-06-17_21-01-40-881264.png,-0.06
2025-06-17_21-01-41-405925.png,-0.02
2025-06-17_21-01-41-909628.png,-0.02
2025-06-17_21-01-42-419708.png,-0.02
2025-06-17_21-01-42-923332.png,0.06
2025-06-17_21-01-43-428202.png,0.02
2025-06-17_21-01-43-937310.png,0.02
2025-06-17_21-01-44-454631.png,-0.04
2025-06-17_21-01-44-947712.png,0.04
2025-06-17_21-01-45-455109.png,-0.02
2025-06-17_21-01-45-970582.png,-0.02
2025-06-17_21-01-46-471618.png,-0.02
2025-06-17_21-01-46-980535.png,-0.02
2025-06-17_21-01-47-481843.png,-0.02
2025-06-17_21-01-47-988510.png,0.04
2025-06-17_21-01-48-509470.png,-0.04
2025-06-17_21-01-49-015311.png,0.0
2025-06-17_21-01-49-525824.png,0.0
2025-06-17_21-01-50-033870.png,0.0
2025-06-17_21-01-50-545918.png,0.0
2025-06-17_21-01-51-061937.png,0.0
2025-06-17_21-01-51-576386.png,0.0
2025-06-17_21-01-52-077774.png,0.0
2025-06-17_21-01-52-579454.png,0.06
2025-06-17_21-01-53-083108.png,-0.08
2025-06-17_21-01-53-576752.png,-0.08
2025-06-17_21-01-54-096378.png,-0.06
2025-06-17_21-01-54-595955.png,0.12
2025-06-17_21-01-55-096607.png,-0.02
2025-06-17_21-01-55-625084.png,-0.02
2025-06-17_21-01-56-115234.png,0.06
2025-06-17_21-01-56-627449.png,0.02
2025-06-17_21-01-57-131298.png,0.0
2025-06-17_21-01-57-650304.png,0.0
2025-06-17_21-01-58-164146.png,0.0
2025-06-17_21-01-58-667043.png,-0.06
2025-06-17_21-01-59-176576.png,0.02
2025-06-17_21-01-59-699096.png,0.02
2025-06-17_21-02-00-184056.png,0.02
2025-06-17_21-02-00-701749.png,0.0
2025-06-17_21-02-01-177706.png,0.04
2025-06-17_21-02-01-680927.png,-0.04
2025-06-17_21-02-02-200542.png,-0.04
2025-06-17_21-02-02-698324.png,-0.04
2025-06-17_21-02-03-211360.png,-0.04
2025-06-17_21-02-03-726663.png,0.12
2025-06-17_21-02-04-236264.png,0.02
2025-06-17_21-02-04-746475.png,-0.06
2025-06-17_21-02-05-260622.png,-0.06
2025-06-17_21-02-05-772260.png,-0.06
2025-06-17_21-02-06-279821.png,0.06
2025-06-17_21-02-06-802234.png,0.06
2025-06-17_21-02-07-294000.png,-0.06
2025-06-17_21-02-07-807927.png,0.02
2025-06-17_21-02-08-324235.png,-0.08
2025-06-17_21-02-08-834440.png,-0.08
2025-06-17_21-02-09-346753.png,-0.08
2025-06-17_21-02-09-859867.png,-0.08
2025-06-17_21-02-10-365643.png,-0.02
2025-06-17_21-02-10-892839.png,-0.02
2025-06-17_21-02-11-396028.png,-0.02
2025-06-17_21-02-11-918956.png,-0.14
2025-06-17_21-02-12-425031.png,-0.04
2025-06-17_21-02-12-938693.png,-0.04
2025-06-17_21-02-13-445469.png,-0.04
2025-06-17_21-02-13-967939.png,-0.04
2025-06-17_21-02-14-490915.png,-0.12
2025-06-17_21-02-15-021572.png,0.02
2025-06-17_21-02-15-538058.png,-0.04
2025-06-17_21-02-16-045772.png,-0.04
2025-06-17_21-02-16-555935.png,-0.04
2025-06-17_21-02-17-069599.png,-0.04
2025-06-17_21-02-17-581883.png,-0.04
2025-06-17_21-02-18-106774.png,-0.04
2025-06-17_21-02-18-624972.png,-0.04
2025-06-17_21-02-19-135322.png,-0.04
2025-06-17_21-02-19-646418.png,0.02
2025-06-17_21-02-20-154443.png,-0.06
2025-06-17_21-02-20-670505.png,0.0
2025-06-17_21-02-21-177000.png,0.0
2025-06-17_21-02-21-691677.png,0.0
2025-06-17_21-02-22-194299.png,0.0
2025-06-17_21-02-22-713066.png,0.0
2025-06-17_21-02-23-225065.png,0.0
2025-06-17_21-02-23-743203.png,0.0
2025-06-17_21-02-24-234542.png,0.0
2025-06-17_21-02-24-752197.png,0.0
2025-06-17_21-02-25-254535.png,0.0
2025-06-17_21-02-25-762609.png,0.0
2025-06-17_21-02-26-289845.png,0.0
2025-06-17_21-02-26-793357.png,0.0
2025-06-17_21-02-27-301778.png,0.0
2025-06-17_21-02-27-816560.png,0.0
2025-06-17_21-02-28-332274.png,0.0
2025-06-17_21-02-28-850770.png,0.0
2025-06-17_21-02-29-364995.png,0.0
2025-06-17_21-02-29-855827.png,0.0
2025-06-17_21-02-30-364237.png,0.0
2025-06-17_21-02-30-872823.png,0.0
2025-06-17_21-02-31-385358.png,0.0
2025-06-17_21-02-31-904169.png,0.0
2025-06-17_21-02-32-418873.png,0.0
2025-06-17_21-02-32-920895.png,0.0
2025-06-17_21-02-33-433341.png,0.0
2025-06-17_21-02-33-946953.png,0.0
2025-06-17_21-02-34-465738.png,0.08
2025-06-17_21-02-34-970647.png,-0.02
2025-06-17_21-02-35-471287.png,-0.02
2025-06-17_21-02-35-979681.png,-0.02
2025-06-17_21-02-36-491905.png,0.06
2025-06-17_21-02-36-984092.png,0.0
2025-06-17_21-02-37-487502.png,0.0
2025-06-17_21-02-38-005498.png,0.0
2025-06-17_21-02-38-499832.png,0.0
2025-06-17_21-02-39-001638.png,0.0
2025-06-17_21-02-39-518692.png,-0.06
2025-06-17_21-02-40-011494.png,0.02
2025-06-17_21-02-40-511623.png,-0.08
2025-06-17_21-02-41-031194.png,-0.06
2025-06-17_21-02-41-554918.png,0.02
2025-06-17_21-02-42-063300.png,0.02
2025-06-17_21-02-42-570331.png,0.02
2025-06-17_21-02-43-089814.png,0.02
2025-06-17_21-02-43-601185.png,0.02
2025-06-17_21-02-44-107737.png,0.02
2025-06-17_21-02-44-624616.png,0.02
2025-06-17_21-02-45-132263.png,0.02
2025-06-17_21-02-45-622221.png,-0.04
2025-06-17_21-02-46-131024.png,-0.04
2025-06-17_21-02-46-653081.png,0.02
2025-06-17_21-02-47-153383.png,0.02
2025-06-17_21-02-47-665367.png,-0.02
2025-06-17_21-02-48-172507.png,-0.06
2025-06-17_21-02-48-671413.png,0.06
2025-06-17_21-02-49-190953.png,0.02
2025-06-17_21-02-49-700536.png,-0.16
2025-06-17_21-02-50-206491.png,-0.06
2025-06-17_21-02-50-716117.png,-0.04
2025-06-17_21-02-51-201771.png,0.16
2025-06-17_21-02-51-713908.png,0.16
2025-06-17_21-02-52-231704.png,0.02
2025-06-17_21-02-52-727058.png,0.02
2025-06-17_21-02-53-236037.png,0.02
2025-06-17_21-02-53-749648.png,0.02
2025-06-17_21-02-54-244284.png,0.02
2025-06-17_21-02-54-764059.png,0.02
2025-06-17_21-02-55-267463.png,-0.12
2025-06-17_21-02-55-787132.png,-0.08
2025-06-17_21-02-56-296874.png,-0.02
2025-06-17_21-02-56-800343.png,-0.02
2025-06-17_21-02-57-305933.png,-0.02
2025-06-17_21-02-57-817555.png,-0.02
2025-06-17_21-02-58-330201.png,-0.02
2025-06-17_21-02-58-844955.png,-0.12
2025-06-17_21-02-59-358631.png,-0.12
2025-06-17_21-02-59-886334.png,-0.08
2025-06-17_21-03-00-378172.png,0.06
2025-06-17_21-03-00-892997.png,-0.06
2025-06-17_21-03-01-419161.png,-0.06
2025-06-17_21-03-01-934961.png,-0.06
2025-06-17_21-03-02-449749.png,-0.06
2025-06-17_21-03-02-941714.png,-0.06
2025-06-17_21-03-03-444821.png,-0.06
2025-06-17_21-03-03-949186.png,-0.06
2025-06-17_21-03-04-462814.png,-0.06
2025-06-17_21-03-04-980079.png,-0.06
2025-06-17_21-03-05-492646.png,-0.18
2025-06-17_21-03-05-997012.png,-0.04
2025-06-17_21-03-06-507327.png,-0.04
2025-06-17_21-03-07-021199.png,0.02
2025-06-17_21-03-07-529852.png,0.02
2025-06-17_21-03-08-025701.png,-0.04
2025-06-17_21-03-08-544307.png,0.02
2025-06-17_21-03-09-057055.png,0.02
2025-06-17_21-03-09-568046.png,0.02
2025-06-17_21-03-10-085039.png,-0.08
2025-06-17_21-03-10-596217.png,0.04
2025-06-17_21-03-11-103789.png,0.04
2025-06-17_21-03-11-625724.png,-0.04
2025-06-17_21-03-12-137657.png,0.1
2025-06-17_21-03-12-641599.png,-0.04
2025-06-17_21-03-13-147498.png,-0.04
2025-06-17_21-03-13-663233.png,-0.04
2025-06-17_21-03-14-167827.png,-0.04
2025-06-17_21-03-14-678391.png,0.02
2025-06-17_21-03-15-200509.png,0.02
2025-06-17_21-03-15-683303.png,0.02
2025-06-17_21-03-16-197187.png,-0.04
2025-06-17_21-03-16-715209.png,0.02
2025-06-17_21-03-17-211325.png,0.02
2025-06-17_21-03-17-723133.png,0.02
2025-06-17_21-03-18-227237.png,0.02
2025-06-17_21-03-18-740636.png,-0.12
2025-06-17_21-03-19-250469.png,-0.02
2025-06-17_21-03-19-765935.png,0.12
2025-06-17_21-03-20-268746.png,0.04
2025-06-17_21-03-20-787943.png,0.04
2025-06-17_21-03-21-297264.png,-0.06
2025-06-17_21-03-21-802251.png,0.0
2025-06-17_21-03-22-321160.png,0.0
2025-06-17_21-03-22-826875.png,0.0
2025-06-17_21-03-23-354292.png,0.0
2025-06-17_21-03-23-881509.png,0.0
2025-06-17_21-03-24-390785.png,0.0
2025-06-17_21-03-24-893777.png,0.0
2025-06-17_21-03-25-400471.png,0.0
2025-06-17_21-03-25-913039.png,0.0
2025-06-17_21-03-26-415160.png,-0.02
2025-06-17_21-03-26-936979.png,-0.02
2025-06-17_21-03-27-422933.png,0.06
2025-06-17_21-03-27-935410.png,-0.02
2025-06-17_21-03-28-452467.png,-0.02
2025-06-17_21-03-28-977476.png,-0.02
2025-06-17_21-03-29-481528.png,-0.02
2025-06-17_21-03-29-996313.png,0.04
2025-06-17_21-03-30-518636.png,0.0
2025-06-17_21-03-31-027425.png,0.0
2025-06-17_21-03-31-533230.png,0.0
2025-06-17_21-03-32-032237.png,0.0
2025-06-17_21-03-32-551932.png,0.0
2025-06-17_21-03-33-061149.png,0.0
2025-06-17_21-03-33-564937.png,0.0
2025-06-17_21-03-34-073451.png,0.0
2025-06-17_21-03-34-578288.png,-0.1
2025-06-17_21-03-35-097030.png,0.0
2025-06-17_21-03-35-613872.png,-0.1
2025-06-17_21-03-36-111374.png,0.02
2025-06-17_21-03-36-609158.png,-0.06
2025-06-17_21-03-37-128494.png,-0.06
2025-06-17_21-03-37-640974.png,0.02
2025-06-17_21-03-38-144576.png,-0.12
2025-06-17_21-03-38-661463.png,-0.04
2025-06-17_21-03-39-163721.png,-0.04
2025-06-17_21-03-39-674681.png,-0.04
2025-06-17_21-03-40-178799.png,-0.04
2025-06-17_21-03-40-692506.png,-0.04
2025-06-17_21-03-41-208172.png,-0.04
2025-06-17_21-03-41-708792.png,-0.04
2025-06-17_21-03-42-220766.png,-0.04
2025-06-17_21-03-42-739302.png,-0.04
2025-06-17_21-03-43-236828.png,-0.04
2025-06-17_21-03-43-755256.png,0.06
2025-06-17_21-03-44-270186.png,-0.02
2025-06-17_21-03-44-767932.png,-0.02
2025-06-17_21-03-45-285934.png,-0.06
2025-06-17_21-03-45-780938.png,-0.06
2025-06-17_21-03-46-310502.png,-0.02
2025-06-17_21-03-46-824274.png,-0.02
2025-06-17_21-03-47-338319.png,-0.02
2025-06-17_21-03-47-852158.png,-0.02
2025-06-17_21-03-48-372415.png,-0.02
2025-06-17_21-03-48-878876.png,-0.02
2025-06-17_21-03-49-385633.png,-0.02
2025-06-17_21-03-49-892067.png,-0.02
2025-06-17_21-03-50-413663.png,-0.02
2025-06-17_21-03-50-935669.png,-0.02
2025-06-17_21-03-51-458795.png,-0.02
2025-06-17_21-03-51-959081.png,-0.02
2025-06-17_21-03-52-461149.png,-0.02
2025-06-17_21-03-52-968461.png,-0.02
2025-06-17_21-03-53-478741.png,0.02
2025-06-17_21-03-53-998048.png,0.02
2025-06-17_21-03-54-512771.png,0.02
2025-06-17_21-03-55-030384.png,-0.06
2025-06-17_21-03-55-538265.png,0.06
2025-06-17_21-03-56-049692.png,-0.04
2025-06-17_21-03-56-565328.png,0.0
2025-06-17_21-03-57-082968.png,0.02
2025-06-17_21-03-57-589348.png,0.02
2025-06-17_21-03-58-106677.png,0.02
2025-06-17_21-03-58-612365.png,-0.1
2025-06-17_21-03-59-125054.png,-0.02
2025-06-17_21-03-59-634402.png,0.06
2025-06-17_21-04-00-144644.png,-0.04
2025-06-17_21-04-00-662111.png,0.08
2025-06-17_21-04-01-175010.png,0.02
2025-06-17_21-04-01-694094.png,0.0
2025-06-17_21-04-02-210433.png,0.0
2025-06-17_21-04-02-717812.png,0.0
2025-06-17_21-04-03-237087.png,-0.08
2025-06-17_21-04-03-742073.png,0.02
2025-06-17_21-04-04-266587.png,0.02
2025-06-17_21-04-04-787642.png,0.02
2025-06-17_21-04-05-281293.png,0.02
2025-06-17_21-04-05-798709.png,-0.04
2025-06-17_21-04-06-323579.png,-0.08
2025-06-17_21-04-06-824376.png,-0.08
2025-06-17_21-04-07-340661.png,-0.08
2025-06-17_21-04-07-855540.png,-0.08
2025-06-17_21-04-08-360284.png,-0.04
2025-06-17_21-04-08-880269.png,-0.16
2025-06-17_21-04-09-389936.png,-0.02
2025-06-17_21-04-09-901715.png,-0.02
2025-06-17_21-04-10-397649.png,-0.02
2025-06-17_21-04-10-899418.png,-0.12
2025-06-17_21-04-11-402469.png,-0.12
2025-06-17_21-04-11-909018.png,0.04
2025-06-17_21-04-12-405585.png,-0.12
2025-06-17_21-04-12-924870.png,-0.12
2025-06-17_21-04-13-441675.png,-0.04
2025-06-17_21-04-13-944751.png,-0.04
2025-06-17_21-04-14-471479.png,0.04
2025-06-17_21-04-14-982286.png,-0.04
2025-06-17_21-04-15-488834.png,-0.04
2025-06-17_21-04-15-982196.png,-0.04
2025-06-17_21-04-16-496243.png,0.08
2025-06-17_21-04-16-999132.png,0.0
2025-06-17_21-04-17-504768.png,0.0
2025-06-17_21-04-18-020331.png,0.0
2025-06-17_21-04-18-541373.png,0.0
2025-06-17_21-04-19-040842.png,0.1
2025-06-17_21-04-19-539022.png,0.12
2025-06-17_21-04-20-044604.png,0.12
2025-06-17_21-04-20-572343.png,0.02
2025-06-17_21-04-21-074674.png,0.14
2025-06-17_21-04-21-576140.png,0.04
2025-06-17_21-04-22-079378.png,0.04
2025-06-17_21-04-22-600719.png,0.1
2025-06-17_21-04-23-110006.png,0.12
2025-06-17_21-04-23-634741.png,0.12
2025-06-17_21-04-24-143391.png,0.06
2025-06-17_21-04-24-655569.png,-0.06
2025-06-17_21-04-25-181085.png,-0.06
2025-06-17_21-04-25-685881.png,-0.06
2025-06-17_21-04-26-195616.png,-0.06
2025-06-17_21-04-26-694537.png,-0.06
2025-06-17_21-04-27-190030.png,-0.06
2025-06-17_21-04-27-693329.png,-0.06
2025-06-17_21-04-28-207979.png,-0.06
2025-06-17_21-04-28-734353.png,-0.06
2025-06-17_21-04-29-243587.png,-0.06
2025-06-17_21-04-29-759534.png,-0.06
2025-06-17_21-04-30-276532.png,-0.06
2025-06-17_21-04-30-768675.png,-0.06
2025-06-17_21-04-31-285083.png,-0.06
2025-06-17_21-04-31-806393.png,-0.06
2025-06-17_21-04-32-323362.png,-0.06
2025-06-17_21-04-32-823619.png,-0.06
2025-06-17_21-04-33-340944.png,-0.06
2025-06-17_21-04-33-857272.png,-0.06
2025-06-17_21-04-34-352798.png,-0.24
2025-06-17_21-04-34-847704.png,-0.18
2025-06-17_21-04-35-366807.png,0.0
2025-06-17_21-04-35-860333.png,0.0
2025-06-17_21-04-36-372784.png,0.0
2025-06-17_21-04-36-892558.png,-0.1
2025-06-17_21-04-37-409341.png,0.04
2025-06-17_21-04-37-926398.png,-0.04
2025-06-17_21-04-38-427651.png,-0.16
2025-06-17_21-04-38-954995.png,-0.14
2025-06-17_21-04-39-481179.png,-0.08
2025-06-17_21-04-39-993034.png,-0.02
2025-06-17_21-04-40-511134.png,0.06
2025-06-17_21-04-41-009517.png,-0.02
2025-06-17_21-04-41-519930.png,-0.04
2025-06-17_21-04-42-042189.png,-0.04
2025-06-17_21-04-42-553128.png,0.02
2025-06-17_21-04-43-060650.png,0.02
2025-06-17_21-04-43-571807.png,0.02
2025-06-17_21-04-44-086288.png,0.02
2025-06-17_21-04-44-597310.png,-0.1
2025-06-17_21-04-45-107871.png,-0.04
2025-06-17_21-04-45-617768.png,0.1
2025-06-17_21-04-46-113961.png,0.0
2025-06-17_21-04-46-634519.png,0.0
2025-06-17_21-04-47-147690.png,0.0
2025-06-17_21-04-47-655625.png,0.0
2025-06-17_21-04-48-164019.png,0.0
2025-06-17_21-04-48-663674.png,0.0
2025-06-17_21-04-49-190544.png,0.0
2025-06-17_21-04-49-697463.png,0.0
2025-06-17_21-04-50-210014.png,0.0
2025-06-17_21-04-50-723767.png,0.0
2025-06-17_21-04-51-245360.png,0.0
2025-06-17_21-04-51-754952.png,0.0
2025-06-17_21-04-52-288670.png,0.0
2025-06-17_21-04-52-796851.png,0.0
2025-06-17_21-04-53-301654.png,0.0
2025-06-17_21-04-53-819097.png,0.0
2025-06-17_21-04-54-333789.png,-0.1
2025-06-17_21-04-54-837385.png,-0.02
2025-06-17_21-04-55-355602.png,-0.02
2025-06-17_21-04-55-876633.png,-0.08
2025-06-17_21-04-56-368784.png,-0.08
2025-06-17_21-04-56-880753.png,-0.08
2025-06-17_21-04-57-405057.png,-0.02
2025-06-17_21-04-57-901836.png,-0.08
2025-06-17_21-04-58-407771.png,-0.08
2025-06-17_21-04-58-919354.png,-0.04
2025-06-17_21-04-59-450763.png,-0.04
2025-06-17_21-04-59-954458.png,-0.04
2025-06-17_21-05-00-465081.png,-0.04
2025-06-17_21-05-00-998677.png,-0.04
2025-06-17_21-05-01-525012.png,-0.04
2025-06-17_21-05-02-038037.png,-0.04
2025-06-17_21-05-02-534802.png,-0.04
2025-06-17_21-05-03-047635.png,-0.04
2025-06-17_21-05-03-548279.png,-0.04
2025-06-17_21-05-04-064708.png,-0.04
2025-06-17_21-05-04-575086.png,0.02
2025-06-17_21-05-05-088896.png,0.02
2025-06-17_21-05-05-588714.png,-0.02
2025-06-17_21-05-06-093638.png,0.04
2025-06-17_21-05-06-616432.png,-0.1
2025-06-17_21-05-07-134316.png,0.04
2025-06-17_21-05-07-662657.png,0.04
2025-06-17_21-05-08-140577.png,-0.04
2025-06-17_21-05-08-641831.png,0.08
2025-06-17_21-05-09-157291.png,0.02
2025-06-17_21-05-09-650416.png,0.02
2025-06-17_21-05-10-152746.png,-0.12
2025-06-17_21-05-10-658245.png,-0.04
2025-06-17_21-05-11-174465.png,-0.14
2025-06-17_21-05-11-680841.png,-0.12
2025-06-17_21-05-12-186710.png,-0.04
2025-06-17_21-05-12-699217.png,-0.04
2025-06-17_21-05-13-224786.png,-0.04
2025-06-17_21-05-13-727119.png,-0.04
2025-06-17_21-05-14-237582.png,-0.12
2025-06-17_21-05-14-756815.png,-0.12
2025-06-17_21-05-15-250890.png,0.0
2025-06-17_21-05-15-768599.png,-0.06
2025-06-17_21-05-16-272749.png,-0.06
2025-06-17_21-05-16-781787.png,-0.06
2025-06-17_21-05-17-299030.png,-0.06
2025-06-17_21-05-17-816401.png,-0.02
2025-06-17_21-05-18-342458.png,-0.02
2025-06-17_21-05-18-871882.png,-0.02
2025-06-17_21-05-19-396733.png,0.06
2025-06-17_21-05-19-904440.png,-0.04
2025-06-17_21-05-20-413723.png,0.02
2025-06-17_21-05-20-927808.png,0.02
2025-06-17_21-05-21-435291.png,0.02
2025-06-17_21-05-21-947837.png,-0.06
2025-06-17_21-05-22-461981.png,-0.02
2025-06-17_21-05-22-975328.png,0.04
2025-06-17_21-05-23-485488.png,0.04
2025-06-17_21-05-23-996548.png,0.0
2025-06-17_21-05-24-513323.png,0.0
2025-06-17_21-05-25-030212.png,0.0
2025-06-17_21-05-25-539192.png,0.0
2025-06-17_21-05-26-062268.png,-0.08
2025-06-17_21-05-26-576633.png,0.0
2025-06-17_21-05-27-092210.png,0.0
2025-06-17_21-05-27-595238.png,0.1
2025-06-17_21-05-28-108089.png,0.02
2025-06-17_21-05-28-624717.png,-0.12
2025-06-17_21-05-29-147184.png,0.02
2025-06-17_21-05-29-654917.png,0.02
2025-06-17_21-05-30-151541.png,0.02
2025-06-17_21-05-30-686385.png,0.02
2025-06-17_21-05-31-210089.png,0.02
2025-06-17_21-05-31-723014.png,-0.04
2025-06-17_21-05-32-226716.png,-0.08
2025-06-17_21-05-32-741472.png,-0.08
2025-06-17_21-05-33-260691.png,0.04
2025-06-17_21-05-33-765137.png,0.04
2025-06-17_21-05-34-278900.png,0.04
2025-06-17_21-05-34-790865.png,0.04
2025-06-17_21-05-35-293139.png,0.02
2025-06-17_21-05-35-804444.png,-0.06
2025-06-17_21-05-36-313596.png,-0.06
2025-06-17_21-05-36-817555.png,-0.06
2025-06-17_21-05-37-328742.png,0.08
2025-06-17_21-05-37-836890.png,0.0
2025-06-17_21-05-38-346361.png,0.0
2025-06-17_21-05-38-864525.png,-0.1
2025-06-17_21-05-39-370001.png,-0.1
2025-06-17_21-05-39-883654.png,-0.1
2025-06-17_21-05-40-400185.png,-0.1
2025-06-17_21-05-40-909118.png,-0.1
2025-06-17_21-05-41-404660.png,-0.06
2025-06-17_21-05-41-916224.png,0.02
2025-06-17_21-05-42-422736.png,-0.1
2025-06-17_21-05-42-935150.png,-0.1
2025-06-17_21-05-43-435204.png,-0.06
2025-06-17_21-05-43-959780.png,0.0
2025-06-17_21-05-44-493331.png,-0.08
2025-06-17_21-05-45-001898.png,0.02
2025-06-17_21-05-45-507732.png,0.02
2025-06-17_21-05-46-010706.png,-0.12
2025-06-17_21-05-46-522131.png,-0.02
2025-06-17_21-05-47-036025.png,-0.02
2025-06-17_21-05-47-546863.png,0.0
2025-06-17_21-05-48-044556.png,0.0
2025-06-17_21-05-48-547725.png,0.0
2025-06-17_21-05-49-056290.png,-0.08
2025-06-17_21-05-49-576313.png,0.02
2025-06-17_21-05-50-096424.png,0.02
2025-06-17_21-05-50-599972.png,0.02
2025-06-17_21-05-51-124988.png,-0.08
2025-06-17_21-05-51-643862.png,0.02
2025-06-17_21-05-52-150450.png,0.02
2025-06-17_21-05-52-659678.png,0.02
2025-06-17_21-05-53-161987.png,0.02
2025-06-17_21-05-53-676970.png,0.02
2025-06-17_21-05-54-190656.png,-0.04
2025-06-17_21-05-54-702029.png,0.0
2025-06-17_21-05-55-201478.png,0.0
2025-06-17_21-05-55-715059.png,0.0
2025-06-17_21-05-56-236557.png,0.0
2025-06-17_21-05-56-741206.png,0.0
2025-06-17_21-05-57-249265.png,0.0
2025-06-17_21-05-57-777728.png,0.0
2025-06-17_21-05-58-274732.png,0.0
2025-06-17_21-05-58-780371.png,0.0
2025-06-17_21-05-59-298989.png,0.0
2025-06-17_21-05-59-799373.png,0.0
2025-06-17_21-06-00-309941.png,0.0
2025-06-17_21-06-00-809497.png,0.0
2025-06-17_21-06-01-329669.png,0.0
2025-06-17_21-06-01-846797.png,0.0
2025-06-17_21-06-02-330676.png,0.0
2025-06-17_21-06-02-836592.png,0.0
2025-06-17_21-06-03-359127.png,0.0
2025-06-17_21-06-03-850352.png,0.0
2025-06-17_21-06-04-347566.png,0.0
2025-06-17_21-06-04-853029.png,0.0
2025-06-17_21-06-05-369839.png,-0.12
2025-06-17_21-06-05-876787.png,-0.08
2025-06-17_21-06-06-384138.png,-0.04
2025-06-17_21-06-06-900103.png,0.08
2025-06-17_21-06-07-422400.png,-0.06
2025-06-17_21-06-07-921690.png,-0.06
2025-06-17_21-06-08-432046.png,-0.06
2025-06-17_21-06-08-943493.png,-0.06
2025-06-17_21-06-09-451549.png,-0.06
2025-06-17_21-06-09-957352.png,-0.06
2025-06-17_21-06-10-471651.png,-0.06
2025-06-17_21-06-10-969937.png,0.06
2025-06-17_21-06-11-460380.png,-0.04
2025-06-17_21-06-11-984167.png,-0.04
2025-06-17_21-06-12-476489.png,-0.14
2025-06-17_21-06-12-982268.png,-0.06
2025-06-17_21-06-13-490648.png,-0.06
2025-06-17_21-06-13-993387.png,-0.06
2025-06-17_21-06-14-504623.png,-0.06
2025-06-17_21-06-15-013860.png,-0.06
2025-06-17_21-06-15-525972.png,-0.06
2025-06-17_21-06-16-036462.png,-0.06
2025-06-17_21-06-16-552723.png,-0.06
2025-06-17_21-06-17-071970.png,-0.06
2025-06-17_21-06-17-592912.png,-0.06
2025-06-17_21-06-18-088154.png,-0.06
2025-06-17_21-06-18-606533.png,-0.06
2025-06-17_21-06-19-120764.png,-0.06
2025-06-17_21-06-19-628506.png,0.04
2025-06-17_21-06-20-144771.png,-0.06
2025-06-17_21-06-20-655539.png,-0.06
2025-06-17_21-06-21-176322.png,0.02
2025-06-17_21-06-21-674722.png,-0.04
2025-06-17_21-06-22-190903.png,-0.04
2025-06-17_21-06-22-705758.png,0.06
2025-06-17_21-06-23-211433.png,-0.02
2025-06-17_21-06-23-722792.png,-0.02
2025-06-17_21-06-24-238440.png,-0.02
2025-06-17_21-06-24-762134.png,-0.02
2025-06-17_21-06-25-279175.png,-0.02
2025-06-17_21-06-25-771547.png,-0.02
2025-06-17_21-06-26-287022.png,0.04
2025-06-17_21-06-26-802429.png,-0.06
2025-06-17_21-06-27-300754.png,0.02
2025-06-17_21-06-27-817445.png,0.02
2025-06-17_21-06-28-335654.png,-0.08
2025-06-17_21-06-28-828846.png,0.0
2025-06-17_21-06-29-338042.png,0.0
2025-06-17_21-06-29-854398.png,0.1
2025-06-17_21-06-30-347696.png,0.02
2025-06-17_21-06-30-877385.png,-0.08
2025-06-17_21-06-31-390983.png,0.04
2025-06-17_21-06-31-909358.png,-0.08
2025-06-17_21-06-32-408194.png,0.02
2025-06-17_21-06-32-924261.png,0.02
2025-06-17_21-06-33-427029.png,-0.06
2025-06-17_21-06-33-939228.png,0.04
2025-06-17_21-06-34-460019.png,0.04
2025-06-17_21-06-34-958259.png,-0.06
2025-06-17_21-06-35-470210.png,0.0
2025-06-17_21-06-35-981298.png,0.0
2025-06-17_21-06-36-501310.png,0.0
2025-06-17_21-06-37-018002.png,0.0
2025-06-17_21-06-37-534335.png,0.0
2025-06-17_21-06-38-058039.png,0.0
2025-06-17_21-06-38-569150.png,0.0
2025-06-17_21-06-39-091017.png,0.0
2025-06-17_21-06-39-582675.png,0.08
2025-06-17_21-06-40-094646.png,-0.04
2025-06-17_21-06-40-608798.png,0.02
2025-06-17_21-06-41-124009.png,0.02
2025-06-17_21-06-41-651899.png,0.02
2025-06-17_21-06-42-154742.png,-0.04
2025-06-17_21-06-42-665294.png,0.04
2025-06-17_21-06-43-181761.png,-0.08
2025-06-17_21-06-43-669640.png,-0.02
2025-06-17_21-06-44-187901.png,0.12
2025-06-17_21-06-44-707832.png,0.0
2025-06-17_21-06-45-215243.png,0.0
2025-06-17_21-06-45-725240.png,-0.06
2025-06-17_21-06-46-251486.png,0.04
2025-06-17_21-06-46-740259.png,-0.1
2025-06-17_21-06-47-256641.png,0.0
2025-06-17_21-06-47-760947.png,0.0
2025-06-17_21-06-48-286511.png,0.1
2025-06-17_21-06-48-803024.png,0.02
2025-06-17_21-06-49-307364.png,-0.1
2025-06-17_21-06-49-812360.png,-0.02
2025-06-17_21-06-50-308531.png,0.02
2025-06-17_21-06-50-817080.png,0.02
2025-06-17_21-06-51-327274.png,-0.1
2025-06-17_21-06-51-845742.png,-0.06
2025-06-17_21-06-52-356777.png,-0.04
2025-06-17_21-06-52-867787.png,-0.04
2025-06-17_21-06-53-399779.png,-0.04
2025-06-17_21-06-53-896508.png,-0.04
2025-06-17_21-06-54-399473.png,-0.16
2025-06-17_21-06-54-907724.png,-0.04
2025-06-17_21-06-55-411301.png,-0.04
2025-06-17_21-06-55-925334.png,-0.18
2025-06-17_21-06-56-442930.png,-0.04
2025-06-17_21-06-56-956000.png,-0.04
2025-06-17_21-06-57-464586.png,-0.04
2025-06-17_21-06-57-958626.png,-0.04
2025-06-17_21-06-58-466121.png,0.12
2025-06-17_21-06-58-987214.png,0.06
2025-06-17_21-06-59-486730.png,-0.12
2025-06-17_21-06-59-994114.png,0.0
2025-06-17_21-07-00-483826.png,-0.06
2025-06-17_21-07-00-985629.png,0.06
2025-06-17_21-07-01-485015.png,-0.02
2025-06-17_21-07-01-987938.png,-0.14
2025-06-17_21-07-02-493780.png,-0.04
2025-06-17_21-07-03-010152.png,0.1
2025-06-17_21-07-03-512808.png,-0.02
2025-06-17_21-07-04-026160.png,-0.02
2025-06-17_21-07-04-535645.png,-0.02
2025-06-17_21-07-05-046070.png,0.04
2025-06-17_21-07-05-568971.png,-0.08
2025-06-17_21-07-06-081117.png,0.02
2025-06-17_21-07-06-589204.png,0.02
2025-06-17_21-07-07-106995.png,0.02
2025-06-17_21-07-07-617706.png,0.02
2025-06-17_21-07-08-136028.png,-0.06
2025-06-17_21-07-08-647437.png,0.08
2025-06-17_21-07-09-155017.png,0.06
2025-06-17_21-07-09-658293.png,0.0
2025-06-17_21-07-10-162182.png,0.0
2025-06-17_21-07-10-664834.png,0.0
2025-06-17_21-07-11-180767.png,0.0
2025-06-17_21-07-11-693726.png,-0.12
2025-06-17_21-07-12-202426.png,0.02
2025-06-17_21-07-12-704349.png,0.1
2025-06-17_21-07-13-209563.png,0.0
2025-06-17_21-07-13-708606.png,0.0
2025-06-17_21-07-14-223196.png,-0.08
2025-06-17_21-07-14-724633.png,0.02
2025-06-17_21-07-15-224749.png,0.02
2025-06-17_21-07-15-742113.png,-0.1
2025-06-17_21-07-16-251999.png,0.04
2025-06-17_21-07-16-752218.png,0.04
2025-06-17_21-07-17-271435.png,0.04
2025-06-17_21-07-17-770904.png,-0.06
2025-06-17_21-07-18-274125.png,-0.06
2025-06-17_21-07-18-789030.png,-0.02
2025-06-17_21-07-19-299039.png,0.04
2025-06-17_21-07-19-804739.png,0.04
2025-06-17_21-07-20-319731.png,0.02
2025-06-17_21-07-20-819043.png,-0.02
2025-06-17_21-07-21-334900.png,-0.02
2025-06-17_21-07-21-846685.png,-0.02
2025-06-17_21-07-22-353929.png,-0.02
2025-06-17_21-07-22-869270.png,-0.02
2025-06-17_21-07-23-372152.png,-0.08
2025-06-17_21-07-23-882598.png,0.04
2025-06-17_21-07-24-396156.png,-0.06
2025-06-17_21-07-24-907936.png,-0.06
2025-06-17_21-07-25-418984.png,-0.06
2025-06-17_21-07-25-933040.png,-0.04
2025-06-17_21-07-26-450494.png,0.0
2025-06-17_21-07-26-955278.png,0.0
2025-06-17_21-07-27-478657.png,0.0
2025-06-17_21-07-27-980801.png,-0.06
2025-06-17_21-07-28-484687.png,-0.06
2025-06-17_21-07-29-000449.png,0.06
2025-06-17_21-07-29-511633.png,-0.04
2025-06-17_21-07-30-025350.png,-0.04
2025-06-17_21-07-30-531760.png,-0.1
2025-06-17_21-07-31-046706.png,-0.04
2025-06-17_21-07-31-567105.png,-0.04
2025-06-17_21-07-32-075562.png,-0.04
2025-06-17_21-07-32-598853.png,-0.04
2025-06-17_21-07-33-117323.png,0.04
2025-06-17_21-07-33-621621.png,-0.02
2025-06-17_21-07-34-127094.png,-0.02
2025-06-17_21-07-34-636723.png,-0.02
2025-06-17_21-07-35-137310.png,-0.02
2025-06-17_21-07-35-650845.png,-0.02
2025-06-17_21-07-36-170373.png,-0.02
2025-06-17_21-07-36-679606.png,0.06
2025-06-17_21-07-37-197802.png,-0.08
2025-06-17_21-07-37-705346.png,0.06
2025-06-17_21-07-38-213976.png,0.02
2025-06-17_21-07-38-733537.png,-0.1
2025-06-17_21-07-39-244232.png,0.02
2025-06-17_21-07-39-748077.png,0.02
2025-06-17_21-07-40-251367.png,0.02
2025-06-17_21-07-40-762486.png,-0.06
2025-06-17_21-07-41-266692.png,0.02
2025-06-17_21-07-41-786296.png,0.02
2025-06-17_21-07-42-298939.png,0.02
2025-06-17_21-07-42-802690.png,-0.04
2025-06-17_21-07-43-312221.png,0.08
2025-06-17_21-07-43-809147.png,-0.08
2025-06-17_21-07-44-326483.png,-0.04
2025-06-17_21-07-44-838970.png,0.04
2025-06-17_21-07-45-336075.png,0.04
2025-06-17_21-07-45-844421.png,0.0
2025-06-17_21-07-46-370941.png,-0.02
2025-06-17_21-07-46-888565.png,-0.1
2025-06-17_21-07-47-408047.png,-0.04
2025-06-17_21-07-47-907853.png,-0.04
2025-06-17_21-07-48-430863.png,-0.14
2025-06-17_21-07-48-951901.png,-0.06
2025-06-17_21-07-49-461581.png,0.06
2025-06-17_21-07-49-969296.png,-0.06
2025-06-17_21-07-50-479579.png,-0.06
2025-06-17_21-07-50-991804.png,-0.16
2025-06-17_21-07-51-487091.png,-0.04
2025-06-17_21-07-51-994214.png,-0.04
2025-06-17_21-07-52-513472.png,-0.04
2025-06-17_21-07-53-019060.png,-0.04
2025-06-17_21-07-53-515698.png,-0.04
2025-06-17_21-07-54-030975.png,0.04
2025-06-17_21-07-54-550199.png,-0.06
2025-06-17_21-07-55-066452.png,0.06
2025-06-17_21-07-55-565106.png,0.06
2025-06-17_21-07-56-080920.png,0.04
2025-06-17_21-07-56-596142.png,-0.02
2025-06-17_21-07-57-112769.png,0.06
2025-06-17_21-07-57-609344.png,0.06
2025-06-17_21-07-58-125529.png,0.14
2025-06-17_21-07-58-630986.png,0.1
2025-06-17_21-07-59-143719.png,0.06
2025-06-17_21-07-59-661934.png,0.16
2025-06-17_21-08-00-157430.png,0.02
2025-06-17_21-08-00-672688.png,-0.12
2025-06-17_21-08-01-189254.png,-0.06
2025-06-17_21-08-01-686059.png,-0.04
2025-06-17_21-08-02-201474.png,-0.04
2025-06-17_21-08-02-711463.png,-0.04
2025-06-17_21-08-03-223229.png,-0.04
2025-06-17_21-08-03-749983.png,-0.18
2025-06-17_21-08-04-261246.png,-0.08
2025-06-17_21-08-04-778960.png,0.1
2025-06-17_21-08-05-302983.png,-0.14
2025-06-17_21-08-05-798129.png,0.0
2025-06-17_21-08-06-302016.png,0.0
2025-06-17_21-08-06-821631.png,-0.1
2025-06-17_21-08-07-320475.png,-0.1
2025-06-17_21-08-07-840560.png,-0.04
2025-06-17_21-08-08-354599.png,-0.14
2025-06-17_21-08-08-869828.png,-0.06
2025-06-17_21-08-09-373792.png,-0.02
2025-06-17_21-08-09-900930.png,-0.1
2025-06-17_21-08-10-399793.png,-0.1
2025-06-17_21-08-10-913464.png,-0.1
2025-06-17_21-08-11-414898.png,-0.04
2025-06-17_21-08-11-926848.png,-0.12
2025-06-17_21-08-12-445788.png,-0.04
2025-06-17_21-08-12-965697.png,0.14
2025-06-17_21-08-13-478432.png,0.0
2025-06-17_21-08-13-985637.png,0.0
2025-06-17_21-08-14-499876.png,0.0
2025-06-17_21-08-15-004282.png,-0.16
2025-06-17_21-08-15-519364.png,0.08
2025-06-17_21-08-16-030893.png,0.08
2025-06-17_21-08-16-546416.png,-0.08
2025-06-17_21-08-17-057644.png,0.04
2025-06-17_21-08-17-576506.png,0.04
2025-06-17_21-08-18-091287.png,0.04
2025-06-17_21-08-18-600500.png,-0.1
2025-06-17_21-08-19-112620.png,0.04
2025-06-17_21-08-19-616328.png,0.04
2025-06-17_21-08-20-131409.png,-0.06
2025-06-17_21-08-20-647521.png,0.08
2025-06-17_21-08-21-159767.png,-0.02
2025-06-17_21-08-21-670761.png,-0.02
2025-06-17_21-08-22-174852.png,-0.02
2025-06-17_21-08-22-681720.png,-0.02
2025-06-17_21-08-23-192649.png,-0.02
2025-06-17_21-08-23-705031.png,-0.02
2025-06-17_21-08-24-209952.png,-0.02
2025-06-17_21-08-24-729478.png,-0.02
2025-06-17_21-08-25-224476.png,-0.14
2025-06-17_21-08-25-735041.png,-0.14
2025-06-17_21-08-26-252344.png,-0.1
2025-06-17_21-08-26-773970.png,-0.02
2025-06-17_21-08-27-294800.png,0.0
2025-06-17_21-08-27-804155.png,0.0
2025-06-17_21-08-28-316577.png,-0.08
2025-06-17_21-08-28-832981.png,-0.08
2025-06-17_21-08-29-345993.png,0.06
2025-06-17_21-08-29-869870.png,-0.04
2025-06-17_21-08-30-366263.png,-0.04
2025-06-17_21-08-30-869073.png,-0.04
2025-06-17_21-08-31-378354.png,-0.04
2025-06-17_21-08-31-887597.png,0.06
2025-06-17_21-08-32-389345.png,-0.06
2025-06-17_21-08-32-902252.png,0.04
2025-06-17_21-08-33-425986.png,0.0
2025-06-17_21-08-33-929788.png,-0.04
2025-06-17_21-08-34-433557.png,-0.04
2025-06-17_21-08-34-951697.png,0.08
2025-06-17_21-08-35-447229.png,-0.06
2025-06-17_21-08-35-969641.png,-0.06
2025-06-17_21-08-36-490697.png,-0.06
2025-06-17_21-08-36-996164.png,-0.06
2025-06-17_21-08-37-512735.png,-0.06
2025-06-17_21-08-38-008612.png,-0.2
2025-06-17_21-08-38-511086.png,-0.02
2025-06-17_21-08-39-026756.png,-0.08
2025-06-17_21-08-39-545775.png,-0.08
2025-06-17_21-08-40-064037.png,-0.08
2025-06-17_21-08-40-567910.png,0.02
2025-06-17_21-08-41-071715.png,-0.04
2025-06-17_21-08-41-588915.png,-0.06
2025-06-17_21-08-42-102995.png,-0.04
2025-06-17_21-08-42-602919.png,0.1
2025-06-17_21-08-43-120986.png,0.02
2025-06-17_21-08-43-626085.png,-0.06
2025-06-17_21-08-44-131380.png,0.04
2025-06-17_21-08-44-657187.png,-0.06
2025-06-17_21-08-45-165008.png,-0.06
2025-06-17_21-08-45-652759.png,0.02
2025-06-17_21-08-46-169189.png,0.02
2025-06-17_21-08-46-687460.png,-0.06
2025-06-17_21-08-47-179662.png,0.04
2025-06-17_21-08-47-693018.png,-0.04
2025-06-17_21-08-48-206164.png,0.0
2025-06-17_21-08-48-705720.png,-0.04
2025-06-17_21-08-49-212819.png,-0.06
2025-06-17_21-08-49-727859.png,0.02
2025-06-17_21-08-50-247019.png,0.02
2025-06-17_21-08-50-753119.png,0.0
2025-06-17_21-08-51-272089.png,0.0
2025-06-17_21-08-51-782489.png,-0.06
2025-06-17_21-08-52-283459.png,0.04
2025-06-17_21-08-52-799501.png,-0.02
2025-06-17_21-08-53-323508.png,-0.02
2025-06-17_21-08-53-847059.png,0.06
2025-06-17_21-08-54-335801.png,-0.04
2025-06-17_21-08-54-858461.png,0.04
2025-06-17_21-08-55-377932.png,0.0
2025-06-17_21-08-55-877437.png,-0.04
2025-06-17_21-08-56-392635.png,-0.04
2025-06-17_21-08-56-918159.png,0.04
2025-06-17_21-08-57-420557.png,-0.08
2025-06-17_21-08-57-935873.png,-0.08
2025-06-17_21-08-58-450538.png,0.04
2025-06-17_21-08-58-953162.png,-0.04
2025-06-17_21-08-59-465560.png,-0.16
2025-06-17_21-08-59-983173.png,-0.06
2025-06-17_21-09-00-489409.png,-0.06
2025-06-17_21-09-00-993796.png,-0.1
2025-06-17_21-09-01-505580.png,-0.1
2025-06-17_21-09-02-009786.png,-0.1
2025-06-17_21-09-02-524129.png,-0.04
2025-06-17_21-09-03-029252.png,0.1
2025-06-17_21-09-03-536654.png,0.02
2025-06-17_21-09-04-050482.png,-0.04
2025-06-17_21-09-04-560520.png,-0.04
2025-06-17_21-09-05-089172.png,-0.04
2025-06-17_21-09-05-607204.png,-0.04
2025-06-17_21-09-06-111776.png,0.02
2025-06-17_21-09-06-617670.png,0.04
2025-06-17_21-09-07-127360.png,-0.04
2025-06-17_21-09-07-626082.png,0.0
2025-06-17_21-09-08-142772.png,0.0
2025-06-17_21-09-08-660738.png,0.0
2025-06-17_21-09-09-164348.png,0.0
2025-06-17_21-09-09-676075.png,0.0
2025-06-17_21-09-10-186846.png,0.0
2025-06-17_21-09-10-690062.png,0.0
2025-06-17_21-09-11-201400.png,0.0
